outcome,month,MMWR week,Age group,Vaccine product,Vaccinated with outcome,Fully vaccinated population,Unvaccinated with outcome,Unvaccinated population,Crude vax IR,Crude unvax IR,Crude IRR,Age adjusted vax IR,Age adjusted unvax IR,Age adjusted IRR,Continuity correction
case,04 - APR,202114,12-17,all_types,7,"38,220","29,459","16,946,683",18.31501832,173.8334281,9.491305172,,,,0
case,04 - APR,202115,12-17,all_types,4,"56,121","29,153","16,671,338",7.127456745,174.8689877,24.53455615,,,,0
case,04 - APR,202116,12-17,all_types,6,"87,173","25,160","16,388,829",6.882865107,153.5192051,22.30454944,,,,0
case,04 - APR,202117,12-17,all_types,21,"140,242","23,465","16,135,529",14.97411617,145.4244233,9.711719989,,,,0
case,05 - MAY,202118,12-17,all_types,12,"237,327","18,697","15,963,947",5.056314705,117.1201583,23.16314651,,,,0
case,05 - MAY,202119,12-17,all_types,11,"403,228","14,390","15,581,914",2.72798516,92.35065731,33.8530644,,,,0
case,05 - MAY,202120,12-17,all_types,24,"676,046","10,423","14,331,041",3.550054286,72.73023642,20.48707725,,,,0
case,05 - MAY,202121,12-17,all_types,27,"953,538","6,753","13,600,380",2.831559938,49.6530244,17.53557244,,,,0
case,06 - JUN,202122,12-17,all_types,39,"1,200,161","5,173","13,142,228",3.249564017,39.36166684,12.11290703,,,,0
case,06 - JUN,202123,12-17,all_types,41,"1,362,839","4,474","12,739,290",3.008425794,35.11969662,11.67377859,,,,0
case,06 - JUN,202124,12-17,all_types,44,"1,758,732","4,240","12,432,635",2.501802435,34.10379216,13.63168877,,,,0
case,06 - JUN,202125,12-17,all_types,97,"2,937,102","4,902","12,080,550",3.302575123,40.57762271,12.28666153,,,,0
case,06 - JUN,202126,12-17,all_types,151,"3,721,491","6,844","11,764,443.1",4.057513507,58.17529943,14.3376724,,,,1
case,07 - JUL,202127,12-17,all_types,220,"4,151,208","9,275","11,546,261.1",5.299662171,80.32903396,15.15738766,,,,1
case,07 - JUL,202128,12-17,all_types,489,"4,494,020","14,800","11,291,955.1",10.88112648,131.0667627,12.04533033,,,,1
case,07 - JUL,202129,12-17,all_types,902,"4,753,838","24,445","11,000,489.1",18.97414258,222.2173921,11.71159072,,,,1
case,07 - JUL,202130,12-17,all_types,"1,558","5,004,217","35,915","10,647,961.1",31.1337418,337.2946207,10.83373219,,,,1
case,08 - AUG,202131,12-17,all_types,"2,286","5,231,297","44,412","10,236,483.1",43.69853212,433.8599455,9.928478702,,,,1
case,08 - AUG,202132,12-17,all_types,"2,809","5,428,449","55,396","9,820,229.1",51.74590385,564.1008925,10.90136321,,,,1
case,08 - AUG,202133,12-17,all_types,"3,654","5,652,125","72,661","9,473,783.1",64.64825176,766.9692163,11.8637271,,,,1
case,08 - AUG,202134,12-17,all_types,"4,673","5,920,890","85,927","9,160,792.1",78.92394556,937.9865743,11.88468934,,,,1
case,09 - SEP,202135,12-17,all_types,"4,876","6,246,917","78,990","8,868,936.1",78.05450273,890.6367022,11.41044618,,,,1
case,09 - SEP,202136,12-17,all_types,"4,214","6,624,811","61,635","8,655,813.1",63.60936184,712.0648203,11.19433995,,,,1
case,09 - SEP,202137,12-17,all_types,"4,040","7,013,105","51,711","8,441,356.1",57.60643823,612.5911452,10.63407432,,,,1
case,09 - SEP,202138,12-17,all_types,"3,713","7,314,316","43,548","8,273,712.1",50.76346168,526.3417372,10.36851546,,,,1
case,09 - SEP,202139,12-17,all_types,"3,444","7,590,154","36,310","8,138,657.1",45.37457343,446.1423986,9.832431798,,,,1
case,10 - OCT,202140,12-17,all_types,"3,309","7,822,353","30,854","8,023,304.1",42.30184958,384.5547871,9.090732223,,,,1
case,10 - OCT,202141,12-17,all_types,"2,861","7,999,795","25,235","7,925,817.1",35.76341644,318.3898856,8.902669749,,,,1
case,10 - OCT,202142,12-17,all_types,"2,860","8,151,352","22,305","7,840,528.1",35.08620411,284.4833883,8.1081267,,,,1
case,10 - OCT,202143,12-17,all_types,"2,903","8,274,367","22,827","7,766,354.1",35.08425478,293.9217,8.377595643,,,,1
case,11 - NOV,202144,12-17,all_types,"3,501","8,377,616","24,323","7,692,158.1",41.78993165,316.2051492,7.566539039,,,,1
case,11 - NOV,202145,12-17,all_types,"3,903","8,466,220","26,419","7,609,278.1",46.10085729,347.194565,7.531195414,,,,1
case,11 - NOV,202146,12-17,all_types,"4,422","8,544,587","27,857","7,514,417.1",51.75206245,370.7140505,7.163271045,,,,1
case,11 - NOV,202147,12-17,all_types,"3,594","8,610,806","20,536","7,440,182.1",41.73825307,276.0147497,6.612992384,,,,1
case,12 - DEC,202148,12-17,all_types,"6,439","8,672,293","33,639","7,369,755.1",74.24795265,456.4466464,6.147599093,,,,1
case,12 - DEC,202149,12-17,all_types,"6,519","8,725,253","31,708","7,299,948.1",74.71416588,434.3592525,5.813613086,,,,1
case,12 - DEC,202150,12-17,all_types,"13,677","8,794,535","37,358","7,229,755.1",155.5170342,516.7256634,3.322630644,,,,1
case,12 - DEC,202151,12-17,all_types,"34,042","8,877,761","50,395","7,159,135.1",383.4525394,703.9258136,1.835757339,,,,1
death,04 - APR,202114,12-17,all_types,0,"35,466",3,"15,377,813",0,0.0195086,,,,,0
death,04 - APR,202115,12-17,all_types,0,"50,710",6,"15,135,106",0,0.0396429,,,,,0
death,04 - APR,202116,12-17,all_types,0,"77,615",3,"14,879,376",0,0.0201621,,,,,0
death,04 - APR,202117,12-17,all_types,0,"122,726",2,"14,646,694",0,0.013655,,,,,0
death,05 - MAY,202118,12-17,all_types,0,"210,373",1,"14,490,049",0,0.00690129,,,,,0
death,05 - MAY,202119,12-17,all_types,0,"361,842",5,"14,136,008",0,0.0353707,,,,,0
death,05 - MAY,202120,12-17,all_types,0,"604,893",3,"13,015,318",0,0.0230498,,,,,0
death,05 - MAY,202121,12-17,all_types,0,"856,719",1,"12,377,255",0,0.0080793,,,,,0
death,06 - JUN,202122,12-17,all_types,0,"1,082,911",1,"11,963,218",0,0.008359,,,,,0
death,06 - JUN,202123,12-17,all_types,0,"1,231,133",3,"11,597,655",0,0.0258673,,,,,0
death,06 - JUN,202124,12-17,all_types,0,"1,601,773",1,"11,318,526",0,0.0088351,,,,,0
death,06 - JUN,202125,12-17,all_types,0,"2,661,632",4,"10,989,643",0,0.0363979,,,,,0
death,06 - JUN,202126,12-17,all_types,0,"3,358,082",0,"10,695,421.1",0,0,,,,,1
death,07 - JUL,202127,12-17,all_types,0,"3,743,682",1,"10,494,156.1",0,0.0095291,,,,,1
death,07 - JUL,202128,12-17,all_types,0,"4,054,193",4,"10,258,988.1",0,0.0389902,,,,,1
death,07 - JUL,202129,12-17,all_types,1,"4,290,551",6,"9,990,237.1",0.023307,0.0600586,2.576846349,,,,1
death,07 - JUL,202130,12-17,all_types,1,"4,519,141",8,"9,665,367.1",0.0221281,0.082769748,3.740481621,,,,1
death,08 - AUG,202131,12-17,all_types,0,"4,726,054",13,"9,286,615.1",0,0.13998642,,,,,1
death,08 - AUG,202132,12-17,all_types,0,"4,906,868",13,"8,902,038.1",0,0.146033974,,,,,1
death,08 - AUG,202133,12-17,all_types,1,"5,113,182",9,"8,590,202.1",0.0195573,0.104770527,5.357107722,,,,1
death,08 - AUG,202134,12-17,all_types,0,"5,361,579",18,"8,306,171.1",0,0.216706347,,,,,1
death,09 - SEP,202135,12-17,all_types,0,"5,662,767",14,"8,039,428.1",0,0.17414174,,,,,1
death,09 - SEP,202136,12-17,all_types,0,"6,012,455",6,"7,846,102.1",0,0.076471093,,,,,1
death,09 - SEP,202137,12-17,all_types,0,"6,372,365",11,"7,649,102.1",0,0.143807729,,,,,1
death,09 - SEP,202138,12-17,all_types,1,"6,645,316",5,"7,495,590.1",0.0150482,0.066705889,4.432817104,,,,1
death,09 - SEP,202139,12-17,all_types,1,"6,894,690",9,"7,372,119.1",0.0145039,0.122081587,8.417146977,,,,1
death,10 - OCT,202140,12-17,all_types,0,"7,104,928",9,"7,265,743.1",0,0.123868954,,,,,1
death,10 - OCT,202141,12-17,all_types,0,"7,264,713",7,"7,176,056.1",0,0.097546618,,,,,1
death,10 - OCT,202142,12-17,all_types,0,"7,401,540",6,"7,098,084.1",0,0.084529852,,,,,1
death,10 - OCT,202143,12-17,all_types,1,"7,512,048",5,"7,030,254.1",0.0133119,0.071121185,5.342657529,,,,1
death,11 - NOV,202144,12-17,all_types,0,"7,604,643",6,"6,961,958.1",0,0.08618265,,,,,1
death,11 - NOV,202145,12-17,all_types,0,"7,684,649",6,"6,886,875.1",0,0.087122242,,,,,1
death,11 - NOV,202146,12-17,all_types,1,"7,755,677",9,"6,800,400.1",0.0128938,0.132345154,10.26426269,,,,1
death,11 - NOV,202147,12-17,all_types,0,"7,814,991",2,"6,733,734.1",0,0.0297012,,,,,1
death,12 - DEC,202148,12-17,all_types,0,"7,870,424",7,"6,669,079.1",0,0.104962018,,,,,1
case,04 - APR,202114,18-29,all_types,604,"2,430,063","68,855","29,975,501",24.85532268,229.7042508,9.241652332,,,,0
case,04 - APR,202115,18-29,all_types,667,"3,022,373","63,297","28,115,432",22.06875194,225.1325891,10.20141917,,,,0
case,04 - APR,202116,18-29,all_types,764,"3,939,361","48,991","26,645,660",19.39400832,183.8610866,9.480303584,,,,0
case,04 - APR,202117,18-29,all_types,848,"4,958,567","43,775","25,450,651",17.10171507,171.9995296,10.0574433,,,,0
case,05 - MAY,202118,18-29,all_types,793,"5,967,241","34,838","24,588,549",13.28922361,141.6838383,10.66155875,,,,0
case,05 - MAY,202119,18-29,all_types,714,"7,250,886","28,320","23,871,914",9.847072482,118.6331352,12.04755377,,,,0
case,05 - MAY,202120,18-29,all_types,651,"8,863,504","21,168","23,092,553",7.344725066,91.66591498,12.48051005,,,,0
case,05 - MAY,202121,18-29,all_types,603,"10,332,185","15,437","22,432,416",5.836132435,68.81559258,11.79130072,,,,1
case,06 - JUN,202122,18-29,all_types,565,"11,525,883","12,223","21,994,355",4.902010544,55.57335053,11.33684843,,,,1
case,06 - JUN,202123,18-29,all_types,645,"12,382,457","11,238","21,597,309",5.208982353,52.03426038,9.989333204,,,,1
case,06 - JUN,202124,18-29,all_types,700,"12,964,990","11,117","21,249,967",5.399155726,52.31537536,9.689547406,,,,1
case,06 - JUN,202125,18-29,all_types,"1,007","13,537,759","12,353","20,934,326",7.438454178,59.0083483,7.932877838,,,,1
case,06 - JUN,202126,18-29,all_types,"1,730","14,089,500","16,494","20,635,171",12.27864722,79.93149172,6.509796258,,,,1
case,07 - JUL,202127,18-29,all_types,"3,291","14,486,420","25,909","20,386,391",22.71782815,127.0896845,5.594270882,,,,1
case,07 - JUL,202128,18-29,all_types,"5,866","14,800,712","41,219","20,118,403",39.63322846,204.8820674,5.169451882,,,,1
case,07 - JUL,202129,18-29,all_types,"10,216","15,062,857","64,282","19,821,623",67.82245891,324.3024045,4.781637376,,,,1
case,07 - JUL,202130,18-29,all_types,"15,917","15,333,443","93,723","19,429,602",103.8057793,482.3722071,4.646872364,,,,1
case,08 - AUG,202131,18-29,all_types,"19,470","15,581,072","109,254","18,983,698",124.9593096,575.5148444,4.60561799,,,,1
case,08 - AUG,202132,18-29,all_types,"19,907","15,813,677","115,089","18,526,471",125.8847009,621.2138297,4.934784171,,,,1
case,08 - AUG,202133,18-29,all_types,"20,394","16,047,210","114,437","18,086,102",127.0875124,632.734461,4.978730396,,,,1
case,08 - AUG,202134,18-29,all_types,"21,591","16,305,367","111,833","17,655,705",132.4165227,633.4099941,4.783466451,,,,1
case,09 - SEP,202135,18-29,all_types,"21,624","16,623,373","102,771","17,239,292",130.0819034,596.1439716,4.582835554,,,,1
case,09 - SEP,202136,18-29,all_types,"19,996","16,997,257","92,173","16,913,491",117.6425114,544.9673282,4.632401347,,,,1
case,09 - SEP,202137,18-29,all_types,"17,880","17,390,065","79,177","16,553,382",102.817327,478.3131326,4.652067375,,,,1
case,09 - SEP,202138,18-29,all_types,"14,217","17,729,066","64,316","16,258,621",80.19034957,395.5809044,4.933023819,,,,1
case,09 - SEP,202139,18-29,all_types,"13,171","18,112,123","55,187","15,998,303",72.71924997,344.9553368,4.743659168,,,,1
case,10 - OCT,202140,18-29,all_types,"12,332","18,470,551","48,594","15,769,976",66.76573969,308.1425108,4.615278918,,,,1
case,10 - OCT,202141,18-29,all_types,"11,274","18,764,353","41,559","15,566,266",60.08200762,266.9811758,4.443612762,,,,1
case,10 - OCT,202142,18-29,all_types,"10,504","19,027,219","38,146","15,380,402",55.20512483,248.0169244,4.492643123,,,,1
case,10 - OCT,202143,18-29,all_types,"11,796","19,257,741","40,036","15,199,312",61.2532903,263.4066595,4.300285881,,,,1
case,11 - NOV,202144,18-29,all_types,"15,547","19,461,454","43,100","15,020,769",79.88611745,286.9360417,3.591813582,,,,1
case,11 - NOV,202145,18-29,all_types,"16,205","19,642,693","46,287","14,849,035",82.49887121,311.7172261,3.778442317,,,,1
case,11 - NOV,202146,18-29,all_types,"17,307","19,811,854","48,112","14,665,972",87.35679155,328.0519014,3.755310784,,,,1
case,11 - NOV,202147,18-29,all_types,"15,575","19,964,679","41,468","14,476,984",78.01277446,286.4408775,3.671717606,,,,1
case,12 - DEC,202148,18-29,all_types,"26,019","20,109,411","66,219","14,291,973",129.387181,463.3300105,3.580957612,,,,1
case,12 - DEC,202149,18-29,all_types,"25,151","20,239,864","59,076","14,083,039",124.264669,419.4833232,3.375724787,,,,1
case,12 - DEC,202150,18-29,all_types,"63,828","20,363,975","85,459","13,870,685",313.4358592,616.1123261,1.965672746,,,,1
case,12 - DEC,202151,18-29,all_types,"138,374","20,504,373","150,567","13,645,342",674.8511647,"1,103.431486",1.635073841,,,,1
death,04 - APR,202114,18-29,all_types,0,"2,203,995",26,"27,247,951",0,0.095420019,,,,,0
death,04 - APR,202115,18-29,all_types,0,"2,727,123",33,"25,584,409",0,0.128984805,,,,,0
death,04 - APR,202116,18-29,all_types,0,"3,544,986",20,"24,235,677",0,0.082522968,,,,,0
death,04 - APR,202117,18-29,all_types,0,"4,438,713",26,"23,128,009",0,0.112417805,,,,,0
death,05 - MAY,202118,18-29,all_types,0,"5,353,654",28,"22,329,173",0,0.125396494,,,,,0
death,05 - MAY,202119,18-29,all_types,0,"6,535,849",22,"21,664,513",0,0.101548555,,,,,0
death,05 - MAY,202120,18-29,all_types,1,"8,006,068",22,"20,951,108",0.0124905,0.10500638,8.406882156,,,,0
death,05 - MAY,202121,18-29,all_types,0,"9,343,335",9,"20,355,020",0,0.0442151,,,,,1
death,06 - JUN,202122,18-29,all_types,0,"10,439,025",11,"19,957,010",0,0.0551185,,,,,1
death,06 - JUN,202123,18-29,all_types,0,"11,224,186",10,"19,591,618",0,0.0510422,,,,,1
death,06 - JUN,202124,18-29,all_types,0,"11,758,725",17,"19,271,893",0,0.088211366,,,,,1
death,06 - JUN,202125,18-29,all_types,0,"12,278,998",14,"18,980,636",0,0.073759383,,,,,1
death,06 - JUN,202126,18-29,all_types,0,"12,775,386",21,"18,704,197",0,0.112274267,,,,,1
death,07 - JUL,202127,18-29,all_types,0,"13,132,420",45,"18,474,823",0,0.243574729,,,,,1
death,07 - JUL,202128,18-29,all_types,0,"13,418,273",64,"18,227,954",0,0.351109071,,,,,1
death,07 - JUL,202129,18-29,all_types,0,"13,658,399",100,"17,955,868",0,0.556921002,,,,,1
death,07 - JUL,202130,18-29,all_types,2,"13,907,124",119,"17,595,312",0.0143811,0.67631651,47.02808782,,,,1
death,08 - AUG,202131,18-29,all_types,1,"14,134,519",164,"17,188,671",0.00707488,0.954116813,134.8598223,,,,1
death,08 - AUG,202132,18-29,all_types,3,"14,347,890",171,"16,771,799",0.020909,1.019568622,48.7621948,,,,1
death,08 - AUG,202133,18-29,all_types,2,"14,561,046",187,"16,371,126",0.0137353,1.142254968,83.16213564,,,,1
death,08 - AUG,202134,18-29,all_types,2,"14,796,840",148,"15,981,265",0.0135164,0.926084387,68.5156125,,,,1
death,09 - SEP,202135,18-29,all_types,3,"15,088,388",152,"15,608,720",0.0198828,0.973814637,48.97764361,,,,1
death,09 - SEP,202136,18-29,all_types,1,"15,432,092",140,"15,316,788",0.00648,0.914029756,141.0539129,,,,1
death,09 - SEP,202137,18-29,all_types,7,"15,792,258",130,"14,989,223",0.0443255,0.867289785,19.56637722,,,,1
death,09 - SEP,202138,18-29,all_types,0,"16,101,687",99,"14,725,487",0,0.672303741,,,,,1
death,09 - SEP,202139,18-29,all_types,1,"16,451,050",79,"14,492,550",0.00607864,0.545107659,89.6759335,,,,1
death,10 - OCT,202140,18-29,all_types,0,"16,772,818",62,"14,285,599",0,0.434003502,,,,,1
death,10 - OCT,202141,18-29,all_types,4,"17,035,819",56,"14,101,157",0.0234799,0.397130533,16.91360971,,,,1
death,10 - OCT,202142,18-29,all_types,1,"17,272,381",55,"13,933,113",0.00578959,0.394743084,68.1815295,,,,1
death,10 - OCT,202143,18-29,all_types,0,"17,478,310",43,"13,771,322",0,0.31224308,,,,,1
death,11 - NOV,202144,18-29,all_types,0,"17,659,550",40,"13,611,924",0,0.293860001,,,,,1
death,11 - NOV,202145,18-29,all_types,0,"17,820,867",51,"13,460,104",0,0.378897518,,,,,1
death,11 - NOV,202146,18-29,all_types,1,"17,971,947",78,"13,297,535",0.00556423,0.58657488,105.4189266,,,,1
death,11 - NOV,202147,18-29,all_types,1,"18,107,959",52,"13,132,070",0.00552243,0.395977176,71.70338477,,,,1
death,12 - DEC,202148,18-29,all_types,1,"18,236,333",48,"12,968,490",0.00548356,0.370127902,67.49775679,,,,1
case,04 - APR,202114,30-49,all_types,"1,696","7,058,352","85,914","39,589,777",24.02827176,217.0105682,9.031468029,,,,0
case,04 - APR,202115,30-49,all_types,"1,900","8,652,796","79,412","36,526,442",21.95822021,217.4096234,9.901058526,,,,0
case,04 - APR,202116,30-49,all_types,"2,192","10,843,335","64,329","34,154,217",20.21518288,188.3486306,9.317186579,,,,0
case,04 - APR,202117,30-49,all_types,"2,439","13,184,254","55,505","32,248,043",18.4993402,172.1189717,9.304060028,,,,0
case,05 - MAY,202118,30-49,all_types,"2,106","15,507,971","45,379","30,846,243",13.58011309,147.1135399,10.83301287,,,,0
case,05 - MAY,202119,30-49,all_types,"1,742","18,085,003","37,136","29,791,319.75",9.632290357,124.6537593,12.94123772,,,,1
case,05 - MAY,202120,30-49,all_types,"1,762","20,816,571","27,515","28,675,813.75",8.464410397,95.95194138,11.33592736,,,,1
case,05 - MAY,202121,30-49,all_types,"1,474","23,119,031","20,280","27,769,245.75",6.375699743,73.03043152,11.45449668,,,,1
case,06 - JUN,202122,30-49,all_types,"1,435","25,009,030","16,243","27,126,660.75",5.737927461,59.87836155,10.43553826,,,,1
case,06 - JUN,202123,30-49,all_types,"1,481","26,361,116","14,483","26,543,738.75",5.618123299,54.5627733,9.71192165,,,,1
case,06 - JUN,202124,30-49,all_types,"1,667","27,258,931","13,676","26,041,685.75",6.115426904,52.51580152,8.587430174,,,,1
case,06 - JUN,202125,30-49,all_types,"2,395","28,105,896","15,016","25,589,844.75",8.521343707,58.67952755,6.886182458,,,,1
case,06 - JUN,202126,30-49,all_types,"3,972","28,903,037","20,147","25,165,554.75",13.74250049,80.05784176,5.825565867,,,,1
case,07 - JUL,202127,30-49,all_types,"6,721","29,472,500","30,287","24,815,484.75",22.8043091,122.0487946,5.352005799,,,,1
case,07 - JUL,202128,30-49,all_types,"12,580","29,921,760","47,491","24,445,433.75",42.04298143,194.2735011,4.620830742,,,,1
case,07 - JUL,202129,30-49,all_types,"21,699","30,290,114","77,268","24,009,323.75",71.63723451,321.8249744,4.492425992,,,,1
case,07 - JUL,202130,30-49,all_types,"32,403","30,662,041","112,130","23,413,266.75",105.6778967,478.91651,4.531851269,,,,1
case,08 - AUG,202131,30-49,all_types,"41,216","31,005,850","135,053","22,731,660.75",132.9297536,594.1184918,4.469416935,,,,1
case,08 - AUG,202132,30-49,all_types,"45,850","31,329,173","148,140","22,028,079.75",146.349219,672.5052827,4.595209236,,,,1
case,08 - AUG,202133,30-49,all_types,"47,976","31,655,477","150,541","21,360,788.75",151.5567117,704.7539385,4.650100486,,,,1
case,08 - AUG,202134,30-49,all_types,"49,501","32,032,943","149,269","20,718,031.75",154.5315396,720.4786719,4.662340605,,,,1
case,09 - SEP,202135,30-49,all_types,"46,930","32,532,446","140,248","20,109,785.75",144.2559837,697.4117066,4.834542656,,,,1
case,09 - SEP,202136,30-49,all_types,"43,202","33,137,187","124,803","19,640,353.75",130.3731666,635.4417114,4.874022226,,,,1
case,09 - SEP,202137,30-49,all_types,"39,735","33,773,177","108,430","19,117,457.75",117.6525383,567.1779241,4.820787824,,,,1
case,09 - SEP,202138,30-49,all_types,"35,336","34,312,597","90,424","18,692,349.75",102.9825868,483.7487058,4.697383516,,,,1
case,09 - SEP,202139,30-49,all_types,"34,333","34,917,922","78,721","18,304,523.75",98.32486595,430.0630875,4.373899556,,,,1
case,10 - OCT,202140,30-49,all_types,"32,614","35,465,526","70,502","17,965,983.75",91.95972449,392.4193686,4.267296045,,,,1
case,10 - OCT,202141,30-49,all_types,"29,578","35,909,210","60,496","17,666,715.75",82.36884075,342.4292373,4.157266682,,,,1
case,10 - OCT,202142,30-49,all_types,"28,415","36,306,872","55,556","17,392,486.75",78.26342077,319.4252829,4.081412233,,,,1
case,10 - OCT,202143,30-49,all_types,"30,444","36,648,945","56,434","17,095,218.75",83.06923978,330.1156939,3.973982364,,,,1
case,11 - NOV,202144,30-49,all_types,"35,101","36,957,638","58,912","16,798,592.75",94.97630774,350.6960427,3.692458162,,,,1
case,11 - NOV,202145,30-49,all_types,"39,388","37,250,110","64,979","16,511,209.75",105.7392851,393.5447553,3.721840516,,,,1
case,11 - NOV,202146,30-49,all_types,"43,034","37,527,570","69,595","16,202,037.75",114.6730257,429.5447343,3.745821928,,,,1
case,11 - NOV,202147,30-49,all_types,"39,278","37,777,045","61,354","15,903,193.75",103.9731932,385.7967209,3.710540273,,,,1
case,12 - DEC,202148,30-49,all_types,"57,636","38,014,978","90,104","15,595,380.75",151.6139244,577.7608219,3.810737201,,,,1
case,12 - DEC,202149,30-49,all_types,"52,167","38,225,647","82,788","15,259,116.75",136.4712022,542.5477854,3.975547784,,,,1
case,12 - DEC,202150,30-49,all_types,"94,390","38,431,137","103,711","14,956,921.75",245.608138,693.3980249,2.823188313,,,,1
case,12 - DEC,202151,30-49,all_types,"203,561","38,661,948","171,164","14,687,245.75",526.5151151,"1,165.392089",2.21340671,,,,1
death,04 - APR,202114,30-49,all_types,3,"6,368,447",193,"36,206,691",0.0471072,0.533050645,11.31568261,,,,0
death,04 - APR,202115,30-49,all_types,3,"7,783,867",199,"33,407,122",0.0385413,0.595681364,15.45568171,,,,0
death,04 - APR,202116,30-49,all_types,2,"9,768,106",166,"31,200,212",0.0204748,0.532047667,25.98549003,,,,0
death,04 - APR,202117,30-49,all_types,3,"11,856,180",159,"29,422,206",0.0253033,0.540408153,21.35725445,,,,0
death,05 - MAY,202118,30-49,all_types,2,"13,961,522",145,"28,114,811",0.0143251,0.515742396,36.00274407,,,,0
death,05 - MAY,202119,30-49,all_types,2,"16,313,282",113,"27,132,466.75",0.0122599,0.416475218,33.97038837,,,,1
death,05 - MAY,202120,30-49,all_types,1,"18,820,209",89,"26,102,591.75",0.00531344,0.340962311,64.1698195,,,,1
death,05 - MAY,202121,30-49,all_types,0,"20,944,154",83,"25,277,386.75",0,0.328356728,,,,,1
death,06 - JUN,202122,30-49,all_types,1,"22,695,336",69,"24,686,509.75",0.00440619,0.279504882,63.43457216,,,,1
death,06 - JUN,202123,30-49,all_types,2,"23,941,095",76,"24,145,801.75",0.0083538,0.31475451,37.67783814,,,,1
death,06 - JUN,202124,30-49,all_types,5,"24,770,716",69,"23,681,081.75",0.0201851,0.291371825,14.43497744,,,,1
death,06 - JUN,202125,30-49,all_types,5,"25,547,761",86,"23,262,949.75",0.0195712,0.369686566,18.88932805,,,,1
death,06 - JUN,202126,30-49,all_types,7,"26,273,205",127,"22,869,561.75",0.0266431,0.555323278,20.8430319,,,,1
death,07 - JUL,202127,30-49,all_types,11,"26,790,895",197,"22,544,750.75",0.0410587,0.8738176,21.28214144,,,,1
death,07 - JUL,202128,30-49,all_types,12,"27,201,730",304,"22,201,546.75",0.0441148,1.369273967,31.03885063,,,,1
death,07 - JUL,202129,30-49,all_types,22,"27,540,835",566,"21,797,673.75",0.079881383,2.596607356,32.50578852,,,,1
death,07 - JUL,202130,30-49,all_types,43,"27,883,075",889,"21,246,485.75",0.154215416,4.184221384,27.13231597,,,,1
death,08 - AUG,202131,30-49,all_types,40,"28,199,850","1,046","20,622,265.75",0.141844726,5.07218757,35.75873216,,,,1
death,08 - AUG,202132,30-49,all_types,45,"28,497,829","1,174","19,976,774.75",0.157906765,5.876824536,37.21705349,,,,1
death,08 - AUG,202133,30-49,all_types,32,"28,798,653","1,139","19,367,707.75",0.111116308,5.880923105,52.92583245,,,,1
death,08 - AUG,202134,30-49,all_types,36,"29,147,783","1,052","18,783,457.75",0.123508536,5.600672752,45.34644278,,,,1
death,09 - SEP,202135,30-49,all_types,45,"29,610,544",953,"18,235,464.75",0.151972892,5.22608013,34.38823903,,,,1
death,09 - SEP,202136,30-49,all_types,47,"30,169,028",789,"17,812,992.75",0.15578891,4.429351154,28.43174872,,,,1
death,09 - SEP,202137,30-49,all_types,35,"30,754,734",653,"17,338,866.75",0.113803618,3.766105417,33.09302009,,,,1
death,09 - SEP,202138,30-49,all_types,35,"31,248,929",478,"16,959,919.75",0.112003839,2.818409562,25.16350866,,,,1
death,09 - SEP,202139,30-49,all_types,30,"31,803,331",367,"16,616,047.75",0.094329742,2.208708145,23.41475874,,,,1
death,10 - OCT,202140,30-49,all_types,16,"32,299,532",317,"16,313,865.75",0.0495363,1.943132332,39.22641559,,,,1
death,10 - OCT,202141,30-49,all_types,21,"32,699,300",260,"16,047,520.75",0.064221558,1.620187966,25.22810112,,,,1
death,10 - OCT,202142,30-49,all_types,19,"33,056,753",235,"15,803,840.75",0.0574769,1.486980309,25.8709162,,,,1
death,10 - OCT,202143,30-49,all_types,11,"33,361,596",223,"15,545,419.75",0.032972,1.434506135,43.50674012,,,,1
death,11 - NOV,202144,30-49,all_types,17,"33,635,592",227,"15,288,903.75",0.0505417,1.484736929,29.37647386,,,,1
death,11 - NOV,202145,30-49,all_types,16,"33,894,408",218,"15,041,737.75",0.0472054,1.44930063,30.7019918,,,,1
death,11 - NOV,202146,30-49,all_types,21,"34,139,857",226,"14,773,973.75",0.0615117,1.529717081,24.86872495,,,,1
death,11 - NOV,202147,30-49,all_types,13,"34,360,451",192,"14,521,724.75",0.0378342,1.322156998,34.94608519,,,,1
death,12 - DEC,202148,30-49,all_types,16,"34,570,753",203,"14,253,689.75",0.0462819,1.424192638,30.77213244,,,,1
case,04 - APR,202114,50-64,all_types,"1,401","7,055,005","45,050","22,235,297",19.85824248,202.6057938,10.20260449,,,,0
case,04 - APR,202115,50-64,all_types,"1,740","9,084,102","40,345","20,106,034",19.15434239,200.6611548,10.47601378,,,,0
case,04 - APR,202116,50-64,all_types,"1,948","11,807,727","32,167","18,605,981",16.4976714,172.8852674,10.47937392,,,,0
case,04 - APR,202117,50-64,all_types,"2,081","14,805,442","26,222","17,392,842.8",14.05564251,150.7631633,10.72616661,,,,1
case,05 - MAY,202118,50-64,all_types,"1,857","17,648,534","21,844","16,485,186.8",10.52212042,132.5068394,12.59316888,,,,1
case,05 - MAY,202119,50-64,all_types,"1,694","20,078,656","18,270","15,804,340.8",8.436819676,115.6011518,13.70198206,,,,1
case,05 - MAY,202120,50-64,all_types,"1,517","22,021,564","13,519","15,137,277.8",6.888702365,89.30932086,12.96460729,,,,1
case,05 - MAY,202121,50-64,all_types,"1,330","23,466,821","10,025","14,612,339.8",5.667576362,68.606398,12.10506813,,,,1
case,06 - JUN,202122,50-64,all_types,"1,236","24,622,911","7,882","14,245,166.8",5.019715175,55.33104744,11.02274641,,,,1
case,06 - JUN,202123,50-64,all_types,"1,363","25,470,674","7,092","13,921,005.8",5.351252189,50.94459482,9.520125949,,,,1
case,06 - JUN,202124,50-64,all_types,"1,406","26,031,944","6,686","13,646,241.8",5.401056487,48.99517463,9.071405705,,,,1
case,06 - JUN,202125,50-64,all_types,"1,807","26,532,449","7,013","13,393,489.8",6.810528497,52.36125987,7.688281445,,,,1
case,06 - JUN,202126,50-64,all_types,"2,669","26,986,768","8,541","13,160,553.8",9.890032033,64.89848474,6.562009559,,,,1
case,07 - JUL,202127,50-64,all_types,"4,473","27,314,733","12,601","12,967,072.8",16.37577786,97.17690488,5.934185581,,,,1
case,07 - JUL,202128,50-64,all_types,"8,259","27,568,286","19,463","12,761,569.8",29.95833691,152.5125851,5.090822817,,,,1
case,07 - JUL,202129,50-64,all_types,"15,043","27,774,484","31,503","12,506,144.8",54.16122222,251.9001699,4.650932154,,,,1
case,07 - JUL,202130,50-64,all_types,"22,870","27,980,889","45,544","12,164,778.8",81.73435805,374.39234,4.58059926,,,,1
case,08 - AUG,202131,50-64,all_types,"30,438","28,178,211","57,360","11,789,733.8",108.0196326,486.5249799,4.504042164,,,,1
case,08 - AUG,202132,50-64,all_types,"34,441","28,366,620","64,295","11,422,781.8",121.4138308,562.8663939,4.635933076,,,,1
case,08 - AUG,202133,50-64,all_types,"36,193","28,557,821","66,008","11,084,322.8",126.7358599,595.5077382,4.698810099,,,,1
case,08 - AUG,202134,50-64,all_types,"36,634","28,779,949","64,975","10,762,561.8",127.2900101,603.713142,4.742816355,,,,1
case,09 - SEP,202135,50-64,all_types,"34,640","29,070,673","61,385","10,456,370.8",119.1578881,587.0583702,4.92672688,,,,1
case,09 - SEP,202136,50-64,all_types,"32,133","29,409,675","56,098","10,226,548.8",109.2599629,548.5526065,5.020618641,,,,1
case,09 - SEP,202137,50-64,all_types,"29,819","29,754,297","49,703","9,979,022.8",100.2174577,498.0748215,4.969940698,,,,1
case,09 - SEP,202138,50-64,all_types,"26,295","30,033,084","41,604","9,780,058.8",87.55344606,425.3962154,4.858703278,,,,1
case,09 - SEP,202139,50-64,all_types,"25,543","30,335,157","37,525","9,591,595.8",84.20262997,391.2279123,4.646267134,,,,1
case,10 - OCT,202140,50-64,all_types,"24,327","30,608,262","34,360","9,423,789.8",79.47854079,364.6091512,4.587516927,,,,1
case,10 - OCT,202141,50-64,all_types,"22,115","30,831,277","30,324","9,269,486.8",71.72910807,327.1378519,4.560740551,,,,1
case,10 - OCT,202142,50-64,all_types,"21,411","31,030,618","27,501","9,118,585.8",68.9995926,301.5928194,4.370936233,,,,1
case,10 - OCT,202143,50-64,all_types,"22,372","31,202,809","28,263","8,920,927.8",71.69867303,316.8168226,4.418726445,,,,1
case,11 - NOV,202144,50-64,all_types,"24,192","31,359,547","29,000","8,725,383.8",77.1439715,332.3636033,4.308354844,,,,1
case,11 - NOV,202145,50-64,all_types,"27,346","31,523,344","32,574","8,532,756.8",86.74841096,381.7523546,4.400684121,,,,1
case,11 - NOV,202146,50-64,all_types,"30,376","31,683,098","36,299","8,320,957.15",95.87446278,436.2358722,4.550073706,,,,1
case,11 - NOV,202147,50-64,all_types,"27,629","31,826,081","33,030","8,117,755.15",86.81244794,406.8858864,4.686953266,,,,1
case,12 - DEC,202148,50-64,all_types,"40,025","31,969,905","46,533","7,906,356.15",125.1958678,588.5517818,4.701047983,,,,1
case,12 - DEC,202149,50-64,all_types,"36,216","32,101,018","43,552","7,682,322.15",112.818852,566.91192,5.024975079,,,,1
case,12 - DEC,202150,50-64,all_types,"49,220","32,233,385","46,104","7,485,468.15",152.6988245,615.9133815,4.033517503,,,,1
case,12 - DEC,202151,50-64,all_types,"102,658","32,382,221","65,616","7,311,054.15",317.0196386,897.4902751,2.831024219,,,,1
death,04 - APR,202114,50-64,all_types,7,"6,322,757",581,"20,115,132",0.110711198,2.888372793,26.08925614,,,,0
death,04 - APR,202115,50-64,all_types,15,"8,114,746",545,"18,189,674",0.184848669,2.99620543,16.20896402,,,,0
death,04 - APR,202116,50-64,all_types,16,"10,559,794",481,"16,817,412",0.151518107,2.860130917,18.87649581,,,,0
death,04 - APR,202117,50-64,all_types,19,"13,220,304",426,"15,706,119.8",0.143718329,2.712318545,18.8724609,,,,1
death,05 - MAY,202118,50-64,all_types,28,"15,769,296",364,"14,871,790.8",0.177560241,2.447586877,13.78454355,,,,1
death,05 - MAY,202119,50-64,all_types,9,"17,962,065",304,"14,245,510.8",0.0501056,2.134005612,42.59016391,,,,1
death,05 - MAY,202120,50-64,all_types,17,"19,720,624",237,"13,637,113.8",0.086204169,1.737904394,20.16032889,,,,1
death,05 - MAY,202121,50-64,all_types,21,"21,028,883",202,"13,163,716.8",0.099862651,1.53452101,15.36631561,,,,1
death,06 - JUN,202122,50-64,all_types,19,"22,075,269",181,"12,829,791.8",0.086069166,1.410778934,16.39122341,,,,1
death,06 - JUN,202123,50-64,all_types,14,"22,841,419",183,"12,532,099.8",0.0612922,1.460250101,23.82441743,,,,1
death,06 - JUN,202124,50-64,all_types,13,"23,351,253",177,"12,281,159.8",0.0556715,1.441231959,25.88813239,,,,1
death,06 - JUN,202125,50-64,all_types,20,"23,803,878",204,"12,050,293.8",0.084019923,1.692904782,20.14884945,,,,1
death,06 - JUN,202126,50-64,all_types,31,"24,211,887",270,"11,837,338.8",0.128036282,2.280918073,17.81462278,,,,1
death,07 - JUL,202127,50-64,all_types,36,"24,506,528",438,"11,660,475.8",0.146899634,3.756278968,25.57037658,,,,1
death,07 - JUL,202128,50-64,all_types,56,"24,735,747",634,"11,472,216.8",0.226393001,5.526394864,24.41062592,,,,1
death,07 - JUL,202129,50-64,all_types,94,"24,923,119","1,061","11,238,531.8",0.377159857,9.440734954,25.03112348,,,,1
death,07 - JUL,202130,50-64,all_types,160,"25,110,300","1,599","10,926,518.8",0.637188723,14.63412116,22.96669829,,,,1
death,08 - AUG,202131,50-64,all_types,185,"25,289,442","2,136","10,586,018.8",0.731530573,20.17755721,27.58265745,,,,1
death,08 - AUG,202132,50-64,all_types,236,"25,460,849","2,393","10,252,659.8",0.926913317,23.34028483,25.18065541,,,,1
death,08 - AUG,202133,50-64,all_types,208,"25,635,029","2,438","9,947,274.8",0.811389759,24.50922538,30.20647613,,,,1
death,08 - AUG,202134,50-64,all_types,205,"25,838,061","2,222","9,658,099.8",0.793403189,23.00659598,28.99735757,,,,1
death,09 - SEP,202135,50-64,all_types,189,"26,104,491","2,067","9,385,796.8",0.724013351,22.02263744,30.4174466,,,,1
death,09 - SEP,202136,50-64,all_types,170,"26,414,682","1,757","9,181,569.8",0.643581475,19.13616123,29.73385962,,,,1
death,09 - SEP,202137,50-64,all_types,171,"26,728,778","1,360","8,960,011.8",0.639759887,15.17855144,23.72538782,,,,1
death,09 - SEP,202138,50-64,all_types,128,"26,982,038","1,199","8,784,401.8",0.474389666,13.64919351,28.77211389,,,,1
death,09 - SEP,202139,50-64,all_types,115,"27,256,230",938,"8,620,054.8",0.421921887,10.88160136,25.79055907,,,,1
death,10 - OCT,202140,50-64,all_types,98,"27,501,786",764,"8,474,517.8",0.356340494,9.015262202,25.29957263,,,,1
death,10 - OCT,202141,50-64,all_types,103,"27,701,296",680,"8,342,973.8",0.371823759,8.150570963,21.92052222,,,,1
death,10 - OCT,202142,50-64,all_types,90,"27,879,435",582,"8,214,090.8",0.322818594,7.085385518,21.948505,,,,1
death,10 - OCT,202143,50-64,all_types,66,"28,031,989",534,"8,052,177.8",0.235445298,6.631746259,28.16682397,,,,1
death,11 - NOV,202144,50-64,all_types,84,"28,171,260",606,"7,895,498.8",0.298176226,7.675259225,25.74068133,,,,1
death,11 - NOV,202145,50-64,all_types,91,"28,317,080",606,"7,738,494.8",0.321360818,7.830980257,24.3681862,,,,1
death,11 - NOV,202146,50-64,all_types,104,"28,458,241",646,"7,563,156.15",0.365447745,8.541407677,23.37244598,,,,1
death,11 - NOV,202147,50-64,all_types,114,"28,584,393",621,"7,403,392.15",0.398819034,8.388046823,21.03221288,,,,1
death,12 - DEC,202148,50-64,all_types,102,"28,711,567",653,"7,228,421.15",0.355257517,9.033784646,25.42883462,,,,1
case,04 - APR,202114,65-79,all_types,"1,518","13,841,765","12,995","7,437,584.2",10.96680951,174.7207111,15.93177222,,,,1
case,04 - APR,202115,65-79,all_types,"1,810","15,870,287","12,289","6,815,957.2",11.40496073,180.2974937,15.80869044,,,,1
case,04 - APR,202116,65-79,all_types,"1,800","17,418,931","10,548","6,361,860.2",10.33358477,165.8005625,16.04482533,,,,1
case,04 - APR,202117,65-79,all_types,"1,828","18,500,297","8,826","5,991,843.2",9.880922452,147.3002498,14.90754031,,,,1
case,05 - MAY,202118,65-79,all_types,"1,535","19,256,318","7,536","5,694,751.2",7.971409695,132.3323835,16.60087596,,,,1
case,05 - MAY,202119,65-79,all_types,"1,497","19,840,141","6,593","5,461,790.2",7.54530928,120.7113375,15.9981961,,,,1
case,05 - MAY,202120,65-79,all_types,"1,291","20,330,119","5,064","5,243,737.2",6.350184177,96.57234539,15.20780228,,,,1
case,05 - MAY,202121,65-79,all_types,"1,080","20,723,447","3,904","5,070,782.2",5.211488224,76.99009435,14.77314944,,,,1
case,06 - JUN,202122,65-79,all_types,"1,006","21,057,473","3,056","4,952,012.2",4.777401353,61.71228738,12.917543,,,,1
case,06 - JUN,202123,65-79,all_types,996,"21,318,129","2,694","4,844,240.2",4.672079806,55.61243639,11.90314351,,,,1
case,06 - JUN,202124,65-79,all_types,"1,125","21,500,907","2,521","4,752,319.2",5.232337408,53.04778349,10.13844853,,,,1
case,06 - JUN,202125,65-79,all_types,"1,411","21,665,453","2,659","4,666,809.2",6.512672502,56.97683119,8.74860991,,,,1
case,06 - JUN,202126,65-79,all_types,"1,837","21,812,453","3,268","4,589,058.2",8.421794651,71.21286891,8.455783103,,,,1
case,07 - JUL,202127,65-79,all_types,"3,008","21,920,833","4,532","4,523,123.2",13.72210627,100.1962538,7.301812986,,,,1
case,07 - JUL,202128,65-79,all_types,"5,449","22,004,513","6,748","4,453,151.2",24.76310201,151.5331435,6.11931185,,,,1
case,07 - JUL,202129,65-79,all_types,"9,932","22,075,781","10,957","4,366,001.2",44.99048074,250.96191,5.57811132,,,,1
case,07 - JUL,202130,65-79,all_types,"15,901","22,147,709","16,180","4,253,089.5",71.79523625,380.4293326,5.298810234,,,,1
case,08 - AUG,202131,65-79,all_types,"21,156","22,215,956","20,753","4,135,484.5",95.22885263,501.8275368,5.269700547,,,,1
case,08 - AUG,202132,65-79,all_types,"24,234","22,281,305","23,720","4,021,677.5",108.7638269,589.8036329,5.422792207,,,,1
case,08 - AUG,202133,65-79,all_types,"25,819","22,346,885","25,316","3,900,833.5",115.5373557,648.9895044,5.617140022,,,,1
case,08 - AUG,202134,65-79,all_types,"26,083","22,422,457","24,976","3,785,855.5",116.3253429,659.7187875,5.671324673,,,,1
case,09 - SEP,202135,65-79,all_types,"25,008","22,525,422","24,041","3,674,439.5",111.0212275,654.2766591,5.893257298,,,,1
case,09 - SEP,202136,65-79,all_types,"22,858","22,644,732","21,884","3,591,382.5",100.9417996,609.3475145,6.036622259,,,,1
case,09 - SEP,202137,65-79,all_types,"21,742","22,763,682","20,302","3,503,984.5",95.51178935,579.3975401,6.06624108,,,,1
case,09 - SEP,202138,65-79,all_types,"19,142","22,857,448","17,422","3,424,446.5",83.745132,508.7537504,6.07502476,,,,1
case,09 - SEP,202139,65-79,all_types,"18,561","22,956,688","16,190","3,279,866.45",80.85225534,493.6176593,6.105181077,,,,1
case,10 - OCT,202140,65-79,all_types,"17,650","23,049,159","14,940","3,164,787.45",76.57546204,472.0696172,6.16476355,,,,1
case,10 - OCT,202141,65-79,all_types,"15,571","23,157,302","13,493","3,068,682.45",67.24013013,439.7001065,6.539251272,,,,1
case,10 - OCT,202142,65-79,all_types,"14,097","23,254,914","12,403","2,999,649.15",60.61944585,413.48169,6.820941436,,,,1
case,10 - OCT,202143,65-79,all_types,"13,996","23,334,985","12,173","2,881,017.45",59.97861151,422.5243412,7.044583569,,,,1
case,11 - NOV,202144,65-79,all_types,"13,955","23,410,603","12,242","2,790,353.85",59.60974179,438.7257193,7.35996678,,,,1
case,11 - NOV,202145,65-79,all_types,"14,398","23,527,941","13,396","2,707,488.4",61.19532517,494.7758964,8.085191067,,,,1
case,11 - NOV,202146,65-79,all_types,"15,466","23,639,186","15,362","2,629,324.8",65.42526464,584.2564601,8.93013522,,,,1
case,11 - NOV,202147,65-79,all_types,"13,950","23,729,987","14,229","2,577,613.8",58.7863786,552.0221842,9.39030771,,,,1
case,12 - DEC,202148,65-79,all_types,"19,047","23,815,083","19,058","2,508,804.8",79.97872609,759.6445925,9.498083174,,,,1
case,12 - DEC,202149,65-79,all_types,"16,516","23,879,112","18,145","2,454,058.8",69.16505103,739.3873366,10.69018711,,,,1
case,12 - DEC,202150,65-79,all_types,"19,466","23,943,041","18,034","2,404,287.8",81.301285,750.0765923,9.225888525,,,,1
case,12 - DEC,202151,65-79,all_types,"36,242","24,011,882","22,631","2,371,456.8",150.9336086,954.3079174,6.322699935,,,,1
death,04 - APR,202114,65-79,all_types,55,"12,398,299",675,"6,826,985.2",0.44360924,9.887233973,22.28816056,,,,1
death,04 - APR,202115,65-79,all_types,48,"14,167,555",700,"6,261,258.2",0.338802285,11.17986158,32.9981883,,,,1
death,04 - APR,202116,65-79,all_types,46,"15,528,854",667,"5,844,251.2",0.296222761,11.41292489,38.52818356,,,,1
death,04 - APR,202117,65-79,all_types,58,"16,486,553",538,"5,505,462.2",0.351801859,9.77211323,27.77732115,,,,1
death,05 - MAY,202118,65-79,all_types,50,"17,163,855",503,"5,232,719.2",0.291309849,9.612593009,32.99783052,,,,1
death,05 - MAY,202119,65-79,all_types,52,"17,692,059",390,"5,018,696.2",0.293917175,7.770942581,26.43922589,,,,1
death,05 - MAY,202120,65-79,all_types,46,"18,134,486",335,"4,819,518.2",0.253660346,6.950902271,27.40239998,,,,1
death,05 - MAY,202121,65-79,all_types,36,"18,488,539",269,"4,662,855.2",0.194715223,5.768997502,29.62787092,,,,1
death,06 - JUN,202122,65-79,all_types,31,"18,788,557",223,"4,554,690.2",0.164994044,4.896051986,29.67411349,,,,1
death,06 - JUN,202123,65-79,all_types,33,"19,022,864",195,"4,455,818.2",0.173475456,4.376300631,25.22720355,,,,1
death,06 - JUN,202124,65-79,all_types,30,"19,187,641",200,"4,371,952.2",0.156350643,4.574615432,29.25869287,,,,1
death,06 - JUN,202125,65-79,all_types,56,"19,335,854",231,"4,294,097.2",0.289617412,5.37947767,18.57442765,,,,1
death,06 - JUN,202126,65-79,all_types,47,"19,467,941",274,"4,223,188.2",0.241422552,6.487989335,26.87399863,,,,1
death,07 - JUL,202127,65-79,all_types,83,"19,565,220",432,"4,162,835.2",0.424222166,10.37754269,24.46251877,,,,1
death,07 - JUL,202128,65-79,all_types,171,"19,640,696",645,"4,098,719.2",0.870641244,15.73662329,18.07475053,,,,1
death,07 - JUL,202129,65-79,all_types,281,"19,705,463","1,061","4,019,192.2",1.426000495,26.39833945,18.51215307,,,,1
death,07 - JUL,202130,65-79,all_types,409,"19,770,561","1,613","3,915,926.5",2.068732395,41.1907629,19.91111224,,,,1
death,08 - AUG,202131,65-79,all_types,527,"19,832,406","2,083","3,809,133.5",2.657267101,54.68435275,20.57917051,,,,1
death,08 - AUG,202132,65-79,all_types,628,"19,891,804","2,402","3,705,473.5",3.157079167,64.82302464,20.53259396,,,,1
death,08 - AUG,202133,65-79,all_types,643,"19,951,501","2,526","3,599,413.5",3.222815166,70.17809985,21.77540326,,,,1
death,08 - AUG,202134,65-79,all_types,633,"20,020,580","2,440","3,499,899.5",3.161746563,69.71628757,22.04992911,,,,1
death,09 - SEP,202135,65-79,all_types,579,"20,115,426","2,223","3,404,708.5",2.87838796,65.29193322,22.68350693,,,,1
death,09 - SEP,202136,65-79,all_types,535,"20,225,192","1,928","3,334,063.5",2.645215927,57.82733292,21.86110114,,,,1
death,09 - SEP,202137,65-79,all_types,466,"20,334,319","1,642","3,258,552.5",2.291692188,50.39047246,21.98832493,,,,1
death,09 - SEP,202138,65-79,all_types,395,"20,420,082","1,328","3,190,722.5",1.934370293,41.62066742,21.51639093,,,,1
death,09 - SEP,202139,65-79,all_types,339,"20,511,129","1,097","3,093,870.45",1.652761289,35.45720539,21.45331309,,,,1
death,10 - OCT,202140,65-79,all_types,327,"20,595,435",972,"3,019,276.45",1.587730485,32.19314349,20.27620166,,,,1
death,10 - OCT,202141,65-79,all_types,290,"20,695,686",875,"2,955,268.45",1.401258214,29.60813932,21.12968119,,,,1
death,10 - OCT,202142,65-79,all_types,289,"20,785,576",786,"2,890,866.45",1.390387257,27.18908028,19.55504134,,,,1
death,10 - OCT,202143,65-79,all_types,266,"20,858,765",739,"2,778,546.75",1.275243285,26.59663725,20.85612805,,,,1
death,11 - NOV,202144,65-79,all_types,266,"20,928,158",792,"2,694,368.15",1.271014869,29.39464676,23.12691021,,,,1
death,11 - NOV,202145,65-79,all_types,261,"21,037,308",826,"2,616,818.7",1.240653034,31.56504499,25.44228251,,,,1
death,11 - NOV,202146,65-79,all_types,301,"21,138,964",943,"2,538,217.7",1.423910841,37.15205359,26.09155891,,,,1
death,11 - NOV,202147,65-79,all_types,326,"21,221,327",827,"2,482,936.7",1.536190456,33.30733321,21.6817733,,,,1
death,12 - DEC,202148,65-79,all_types,287,"21,298,976",997,"2,411,278.7",1.347482621,41.34735649,30.68489037,,,,1
case,04 - APR,202114,80+,all_types,728,"4,734,334","3,144","2,508,445.55",15.37703086,125.3365854,8.1508964,,,,1
case,04 - APR,202115,80+,all_types,853,"5,156,020","2,860","2,371,891.55",16.54376826,120.5788688,7.28847666,,,,1
case,04 - APR,202116,80+,all_types,799,"5,489,355","2,516","2,269,698.55",14.55544413,110.8517252,7.615825683,,,,1
case,04 - APR,202117,80+,all_types,915,"5,720,199","2,099","2,186,477.55",15.99594699,95.99915627,6.001467516,,,,1
case,05 - MAY,202118,80+,all_types,813,"5,877,575","1,812","2,118,930.55",13.83223523,85.51483672,6.18228618,,,,1
case,05 - MAY,202119,80+,all_types,680,"5,997,986","1,821","2,064,477.55",11.33713883,88.20633579,7.780299517,,,,1
case,05 - MAY,202120,80+,all_types,634,"6,099,777","1,256","2,015,927.55",10.39382259,62.30382635,5.994313043,,,,1
case,05 - MAY,202121,80+,all_types,536,"6,184,746",968,"1,977,168.55",8.666483636,48.95890135,5.649223308,,,,1
case,06 - JUN,202122,80+,all_types,454,"6,259,508",790,"1,950,889.55",7.252966208,40.49434782,5.583143043,,,,1
case,06 - JUN,202123,80+,all_types,476,"6,319,241",673,"1,926,001.55",7.532550191,34.94285869,4.638914817,,,,1
case,06 - JUN,202124,80+,all_types,492,"6,360,733",619,"1,904,739.55",7.734957591,32.4978814,4.20142981,,,,1
case,06 - JUN,202125,80+,all_types,523,"6,398,276",653,"1,885,320.55",8.174076892,34.63601985,4.23730047,,,,1
case,06 - JUN,202126,80+,all_types,703,"6,431,087",799,"1,868,266.55",10.93127803,42.76691674,3.912343703,,,,1
case,07 - JUL,202127,80+,all_types,994,"6,455,005","1,029","1,853,588.55",15.39890364,55.51393809,3.605057826,,,,1
case,07 - JUL,202128,80+,all_types,"1,801","6,474,095","1,506","1,837,945.55",27.81855997,81.93931534,2.945490904,,,,1
case,07 - JUL,202129,80+,all_types,"3,236","6,489,981","2,423","1,819,462.55",49.86147109,133.1711939,2.670823603,,,,1
case,07 - JUL,202130,80+,all_types,"5,032","6,506,360","3,801","1,797,068.55",77.33971068,211.5111302,2.734832188,,,,1
case,08 - AUG,202131,80+,all_types,"6,675","6,521,807","4,693","1,772,717.55",102.3489349,264.7347853,2.586590526,,,,1
case,08 - AUG,202132,80+,all_types,"7,806","6,536,008","5,547","1,748,888.55",119.4306984,317.1728696,2.655706396,,,,1
case,08 - AUG,202133,80+,all_types,"8,376","6,550,278","6,093","1,722,139.55",127.8724353,353.8040805,2.766851821,,,,1
case,08 - AUG,202134,80+,all_types,"8,320","6,566,232","5,748","1,695,920.55",126.7088948,338.9309717,2.674879077,,,,1
case,09 - SEP,202135,80+,all_types,"8,053","6,587,711","5,772","1,670,701.55",122.2427638,345.4836084,2.826209074,,,,1
case,09 - SEP,202136,80+,all_types,"7,389","6,612,401","5,547","1,652,130.55",111.7445842,335.7482858,3.004604548,,,,1
case,09 - SEP,202137,80+,all_types,"7,056","6,637,363","5,009","1,632,469.55",106.307279,306.8357385,2.886309776,,,,1
case,09 - SEP,202138,80+,all_types,"6,263","6,657,556","4,421","1,613,449.55",94.07356093,274.0091873,2.912711974,,,,1
case,09 - SEP,202139,80+,all_types,"5,926","6,678,306","4,024","1,571,428.55",88.73507743,256.0727308,2.885811769,,,,1
case,10 - OCT,202140,80+,all_types,"5,692","6,697,399","3,807","1,533,240.55",84.98821707,248.2976334,2.921553622,,,,1
case,10 - OCT,202141,80+,all_types,"5,082","6,722,402","3,642","1,499,889.55",75.59797822,242.8178795,3.211962611,,,,1
case,10 - OCT,202142,80+,all_types,"4,687","6,746,674","3,287","1,468,171.55",69.47126836,223.8839187,3.222683622,,,,1
case,10 - OCT,202143,80+,all_types,"4,875","6,767,843","3,475","1,408,469.55",72.0318128,246.7216987,3.425176865,,,,1
case,11 - NOV,202144,80+,all_types,"4,771","6,788,677","3,368","1,366,804.75",70.27878923,246.4141275,3.506237519,,,,1
case,11 - NOV,202145,80+,all_types,"5,107","6,821,993","3,760","1,331,358.75",74.86082146,282.4182438,3.772577408,,,,1
case,11 - NOV,202146,80+,all_types,"5,176","6,854,312","4,243","1,296,537.75",75.51450824,327.2561867,4.333686259,,,,1
case,11 - NOV,202147,80+,all_types,"4,744","6,882,212","4,159","1,271,237.75",68.93132615,327.1614613,4.746194214,,,,1
case,12 - DEC,202148,80+,all_types,"6,010","6,908,622","5,216","1,244,787.75",86.99274617,419.0272599,4.816806899,,,,1
case,12 - DEC,202149,80+,all_types,"5,159","6,927,776","4,964","1,220,722.75",74.46834309,406.6443425,5.460633681,,,,1
case,12 - DEC,202150,80+,all_types,"5,099","6,945,281","4,573","1,199,526.75",73.41675592,381.2336824,5.192733969,,,,1
case,12 - DEC,202151,80+,all_types,"8,071","6,964,272","5,884","1,182,915.75",115.8915103,497.4149681,4.292074259,,,,1
death,04 - APR,202114,80+,all_types,64,"4,241,343",570,"2,313,852.55",1.508956008,24.63424041,16.32535362,,,,1
death,04 - APR,202115,80+,all_types,84,"4,595,012",515,"2,190,371.55",1.828069219,23.51199275,12.86165343,,,,1
death,04 - APR,202116,80+,all_types,78,"4,879,405",484,"2,096,994.55",1.598555562,23.08065131,14.43844172,,,,1
death,04 - APR,202117,80+,all_types,76,"5,080,657",390,"2,021,311.55",1.49586953,19.29440318,12.89845323,,,,1
death,05 - MAY,202118,80+,all_types,66,"5,218,932",355,"1,959,905.55",1.264626556,18.11311775,14.32289846,,,,1
death,05 - MAY,202119,80+,all_types,57,"5,326,018",269,"1,910,306.55",1.070217938,14.08150959,13.15760939,,,,1
death,05 - MAY,202120,80+,all_types,52,"5,416,868",199,"1,866,210.55",0.959964319,10.66331985,11.1080377,,,,1
death,05 - MAY,202121,80+,all_types,42,"5,492,753",172,"1,831,147.55",0.764643886,9.393016964,12.28417193,,,,1
death,06 - JUN,202122,80+,all_types,48,"5,559,152",138,"1,807,375.55",0.863441043,7.635380483,8.842966809,,,,1
death,06 - JUN,202123,80+,all_types,45,"5,612,526",129,"1,784,646.55",0.801778023,7.228322045,9.015365648,,,,1
death,06 - JUN,202124,80+,all_types,57,"5,649,543",118,"1,765,379.55",1.008931165,6.684115039,6.624946549,,,,1
death,06 - JUN,202125,80+,all_types,59,"5,683,121",129,"1,747,679.55",1.038161954,7.381215853,7.109888613,,,,1
death,06 - JUN,202126,80+,all_types,58,"5,712,415",159,"1,732,318.55",1.015332394,9.178450465,9.03984795,,,,1
death,07 - JUL,202127,80+,all_types,116,"5,733,828",223,"1,719,056.55",2.023081264,12.97223177,6.412116015,,,,1
death,07 - JUL,202128,80+,all_types,200,"5,750,937",309,"1,704,774.55",3.477694157,18.12556388,5.211948797,,,,1
death,07 - JUL,202129,80+,all_types,305,"5,765,200",620,"1,688,049.55",5.290362867,36.72877967,6.942582314,,,,1
death,07 - JUL,202130,80+,all_types,496,"5,779,982",854,"1,667,727.55",8.581341603,51.20740495,5.967295945,,,,1
death,08 - AUG,202131,80+,all_types,647,"5,793,790","1,115","1,645,745.55",11.16712894,67.75044903,6.066953232,,,,1
death,08 - AUG,202132,80+,all_types,778,"5,806,512","1,274","1,624,120.55",13.39874954,78.44245306,5.854460732,,,,1
death,08 - AUG,202133,80+,all_types,817,"5,819,397","1,368","1,600,570.55",14.03925527,85.4695221,6.087895722,,,,1
death,08 - AUG,202134,80+,all_types,736,"5,833,907","1,210","1,577,963.55",12.61590217,76.68111218,6.078131483,,,,1
death,09 - SEP,202135,80+,all_types,688,"5,853,583","1,234","1,556,653.55",11.753485,79.27261657,6.744605243,,,,1
death,09 - SEP,202136,80+,all_types,682,"5,876,194","1,016","1,540,985.55",11.60615187,65.93183174,5.680765896,,,,1
death,09 - SEP,202137,80+,all_types,565,"5,899,052",912,"1,524,188.55",9.577810129,59.83511686,6.247264881,,,,1
death,09 - SEP,202138,80+,all_types,535,"5,917,479",723,"1,507,834.55",9.041012228,47.94955786,5.303560779,,,,1
death,09 - SEP,202139,80+,all_types,430,"5,936,443",657,"1,477,521.55",7.24339474,44.46635651,6.138883508,,,,1
death,10 - OCT,202140,80+,all_types,403,"5,953,891",593,"1,449,841.55",6.768682866,40.90102122,6.042685412,,,,1
death,10 - OCT,202141,80+,all_types,370,"5,977,082",577,"1,425,393.55",6.190311594,40.48004848,6.539258624,,,,1
death,10 - OCT,202142,80+,all_types,343,"5,999,410",508,"1,400,541.55",5.717228861,36.27168362,6.34427701,,,,1
death,10 - OCT,202143,80+,all_types,383,"6,018,800",510,"1,354,716.55",6.363394697,37.64625154,5.916064197,,,,1
death,11 - NOV,202144,80+,all_types,369,"6,038,088",516,"1,317,408.75",6.111206064,39.16779815,6.409176477,,,,1
death,11 - NOV,202145,80+,all_types,406,"6,069,165",603,"1,283,845.75",6.689552846,46.96825923,7.021135838,,,,1
death,11 - NOV,202146,80+,all_types,391,"6,098,681",616,"1,250,812.75",6.411222361,49.24797896,7.681527202,,,,1
death,11 - NOV,202147,80+,all_types,382,"6,123,711",592,"1,226,942.75",6.238047485,48.25001004,7.734793644,,,,1
death,12 - DEC,202148,80+,all_types,354,"6,147,647",689,"1,201,621.75",5.758300696,57.33917516,9.957655598,,,,1
case,04 - APR,202114,all_ages_adj,Janssen,"1,046","2,006,949","245,417","118,693,287.8",52.11891284,206.7656939,3.967191229,47.27106321,203.9323319,4.314105036,0
case,04 - APR,202114,all_ages_adj,Moderna,"1,628","15,409,190","245,417","118,693,287.8",10.5651238,206.7656939,19.57058884,17.99681057,203.9323319,11.33158184,0
case,04 - APR,202114,all_ages_adj,Pfizer,"3,209","17,680,597","245,417","118,693,287.8",18.14983962,206.7656939,11.39214991,21.2944703,203.9323319,9.576774112,0
case,04 - APR,202114,all_ages_adj,all_types,"5,954","35,157,739","245,417","118,693,287.8",16.93510496,206.7656939,12.2092951,21.02451063,203.9323319,9.699742146,0
case,04 - APR,202115,all_ages_adj,Janssen,"1,299","2,638,864","227,356","110,607,094.8",49.22572743,205.5528178,4.175719254,52.16642802,203.3859786,3.898790589,0
case,04 - APR,202115,all_ages_adj,Moderna,"1,880","18,110,560","227,356","110,607,094.8",10.38068398,205.5528178,19.80147149,11.57093079,203.3859786,17.57732219,0
case,04 - APR,202115,all_ages_adj,Pfizer,"3,699","21,026,690","227,356","110,607,094.8",17.59192721,205.5528178,11.68449684,18.3899613,203.3859786,11.05961972,0
case,04 - APR,202115,all_ages_adj,all_types,"6,974","41,841,699","227,356","110,607,094.8",16.66758322,205.5528178,12.33249087,18.52872443,203.3859786,10.97679333,0
case,04 - APR,202116,all_ages_adj,Janssen,"1,724","4,187,752","183,711","104,426,245.8",41.16767182,175.9241642,4.273357136,37.07755681,175.4118045,4.730942909,0
case,04 - APR,202116,all_ages_adj,Moderna,"1,993","20,818,649","183,711","104,426,245.8",9.573147614,175.9241642,18.37683605,13.90871699,175.4118045,12.61164524,0
case,04 - APR,202116,all_ages_adj,Pfizer,"3,710","24,506,580","183,711","104,426,245.8",15.1387913,175.9241642,11.62075365,15.58375484,175.4118045,11.25606802,0
case,04 - APR,202116,all_ages_adj,all_types,"7,509","49,585,882","183,711","104,426,245.8",15.14342328,175.9241642,11.61719915,16.66126192,175.4118045,10.52812238,0
case,04 - APR,202117,all_ages_adj,Janssen,"2,008","5,330,359","159,892","99,405,386.55",37.67100865,160.8484264,4.269820006,34.27024833,159.6048127,4.657241207,0
case,04 - APR,202117,all_ages_adj,Moderna,"2,143","23,707,267","159,892","99,405,386.55",9.039422385,160.8484264,17.79410448,17.20454425,159.6048127,9.276898614,0
case,04 - APR,202117,all_ages_adj,Pfizer,"3,870","28,193,979","159,892","99,405,386.55",13.72633497,160.8484264,11.71823554,14.58029588,159.6048127,10.94661,0
case,04 - APR,202117,all_ages_adj,all_types,"8,132","57,309,001","159,892","99,405,386.55",14.18974307,160.8484264,11.33554185,15.98967457,159.6048127,9.981742407,0
case,05 - MAY,202118,all_ages_adj,Janssen,"1,533","5,340,193","130,106","95,697,607.55",28.70682764,135.9553319,4.735992902,26.49469826,136.1643299,5.139304799,0
case,05 - MAY,202118,all_ages_adj,Moderna,"1,850","26,775,981","130,106","95,697,607.55",6.909177296,135.9553319,19.67749938,6.797942447,136.1643299,20.03022693,0
case,05 - MAY,202118,all_ages_adj,Pfizer,"3,654","32,296,834","130,106","95,697,607.55",11.31380246,135.9553319,12.01676734,11.12428007,136.1643299,12.24028243,0
case,05 - MAY,202118,all_ages_adj,all_types,"7,116","64,494,966","130,106","95,697,607.55",11.03341926,135.9553319,12.32213956,11.46537228,136.1643299,11.87613683,0
case,05 - MAY,202119,all_ages_adj,Janssen,"1,210","5,479,933","106,530","92,575,756.3",22.08056193,115.073324,5.211521534,20.02119688,116.5863226,5.823144504,1
case,05 - MAY,202119,all_ages_adj,Moderna,"1,745","29,558,738","106,530","92,575,756.3",5.903499669,115.073324,19.49239103,5.553282517,116.5863226,20.99412775,1
case,05 - MAY,202119,all_ages_adj,Pfizer,"3,300","36,531,091","106,530","92,575,756.3",9.033401165,115.073324,12.7386487,8.37397149,116.5863226,13.92246471,1
case,05 - MAY,202119,all_ages_adj,all_types,"6,338","71,655,900","106,530","92,575,756.3",8.845049745,115.073324,13.00991259,8.574761325,116.5863226,13.59645104,1
case,05 - MAY,202120,all_ages_adj,Janssen,"1,066","5,832,836","78,945","88,496,350.3",18.27584386,89.20706869,4.881146357,16.65128542,90.22434023,5.418460975,1
case,05 - MAY,202120,all_ages_adj,Moderna,"1,687","31,910,921","78,945","88,496,350.3",5.286591384,89.20706869,16.87421293,8.527585256,90.22434023,10.58029179,1
case,05 - MAY,202120,all_ages_adj,Pfizer,"3,047","40,973,198","78,945","88,496,350.3",7.436568656,89.20706869,11.99572986,7.00959089,90.22434023,12.87155579,1
case,05 - MAY,202120,all_ages_adj,all_types,"5,879","78,807,581","78,945","88,496,350.3",7.45994221,89.20706869,11.95814474,7.292606748,90.22434023,12.37202873,1
case,05 - MAY,202121,all_ages_adj,Janssen,923,"6,181,333","57,367","85,462,332.3",14.9320543,67.12547909,4.495394789,13.64463222,68.46282246,5.017564516,1
case,05 - MAY,202121,all_ages_adj,Moderna,"1,374","34,135,197","57,367","85,462,332.3",4.025170852,67.12547909,16.67642979,4.63536283,68.46282246,14.7696793,1
case,05 - MAY,202121,all_ages_adj,Pfizer,"2,684","44,368,979","57,367","85,462,332.3",6.049271497,67.12547909,11.09645668,5.648609117,68.46282246,12.12029741,1
case,05 - MAY,202121,all_ages_adj,all_types,"5,050","84,779,768","57,367","85,462,332.3",5.956609836,67.12547909,11.26907435,5.736668205,68.46282246,11.93424825,1
case,06 - JUN,202122,all_ages_adj,Janssen,816,"6,538,401","45,367","83,411,312.3",12.48011555,54.38950515,4.358093074,13.19629039,55.5179887,4.207090559,1
case,06 - JUN,202122,all_ages_adj,Moderna,"1,364","36,107,857","45,367","83,411,312.3",3.777571181,54.38950515,14.39800934,3.4582443,55.5179887,16.05380762,1
case,06 - JUN,202122,all_ages_adj,Pfizer,"2,507","46,930,613","45,367","83,411,312.3",5.341928945,54.38950515,10.18162273,5.097304888,55.5179887,10.89163586,1
case,06 - JUN,202122,all_ages_adj,all_types,"4,735","89,674,966","45,367","83,411,312.3",5.280180424,54.38950515,10.30069066,5.141028089,55.5179887,10.79900513,1
case,06 - JUN,202123,all_ages_adj,Janssen,846,"6,870,664","40,654","81,571,585.3",12.31322038,49.83843314,4.047554709,12.95135144,50.72798976,3.916810534,1
case,06 - JUN,202123,all_ages_adj,Moderna,"1,366","37,675,305","40,654","81,571,585.3",3.625717164,49.83843314,13.74581383,3.293935338,50.72798976,15.40042064,1
case,06 - JUN,202123,all_ages_adj,Pfizer,"2,730","48,567,392","40,654","81,571,585.3",5.621055378,49.83843314,8.866383586,5.308576166,50.72798976,9.555856067,1
case,06 - JUN,202123,all_ages_adj,all_types,"5,002","93,214,456","40,654","81,571,585.3",5.366120465,49.83843314,9.287609822,5.19057167,50.72798976,9.773102654,1
case,06 - JUN,202124,all_ages_adj,Janssen,882,"7,113,551","38,859","80,027,588.3",12.39887083,48.55700494,3.916244116,11.44571881,49.18168573,4.296950375,1
case,06 - JUN,202124,all_ages_adj,Moderna,"1,475","38,697,483","38,859","80,027,588.3",3.811617412,48.55700494,12.7392127,3.417341106,49.18168573,14.39179883,1
case,06 - JUN,202124,all_ages_adj,Pfizer,"3,022","49,960,900","38,859","80,027,588.3",6.048730107,48.55700494,8.027636227,5.699665431,49.18168573,8.628872401,1
case,06 - JUN,202124,all_ages_adj,all_types,"5,434","95,876,237","38,859","80,027,588.3",5.667723484,48.55700494,8.567285449,5.438432335,49.18168573,9.043357111,1
case,06 - JUN,202125,all_ages_adj,Janssen,"1,065","7,355,371","42,596","78,550,340.3",14.47921526,54.2276454,3.745206107,14.82131138,54.56028842,3.681205192,1
case,06 - JUN,202125,all_ages_adj,Moderna,"1,969","39,486,133","42,596","78,550,340.3",4.986560725,54.2276454,10.87475886,4.67682613,54.56028842,11.66609297,1
case,06 - JUN,202125,all_ages_adj,Pfizer,"4,143","52,228,183","42,596","78,550,340.3",7.93249882,54.2276454,6.836136586,7.796363234,54.56028842,6.998171683,1
case,06 - JUN,202125,all_ages_adj,all_types,"7,240","99,176,935","42,596","78,550,340.3",7.30008444,54.2276454,7.428358651,7.220768436,54.56028842,7.556022451,1
case,06 - JUN,202126,all_ages_adj,Janssen,"1,695","7,581,811","56,093","77,183,047.4",22.35613629,72.67528543,3.250798103,22.01139668,72.5216213,3.29473056,1
case,06 - JUN,202126,all_ages_adj,Moderna,"2,900","40,207,228","56,093","77,183,047.4",7.21263351,72.67528543,10.07610956,7.650610518,72.5216213,9.479193997,1
case,06 - JUN,202126,all_ages_adj,Pfizer,"6,368","54,045,556","56,093","77,183,047.4",11.7826524,72.67528543,6.167990277,11.89554241,72.5216213,6.096537578,1
case,06 - JUN,202126,all_ages_adj,all_types,"11,062","101,944,336","56,093","77,183,047.4",10.85101972,72.67528543,6.697553532,11.04556018,72.5216213,6.565680698,1
case,07 - JUL,202127,all_ages_adj,Janssen,"2,651","7,766,454","83,633","76,091,921.4",34.13398187,109.9104852,3.219972566,31.0287987,109.0548874,3.514634532,1
case,07 - JUL,202127,all_ages_adj,Moderna,"4,717","40,728,008","83,633","76,091,921.4",11.58171055,109.9104852,9.490004494,12.0704699,109.0548874,9.0348502,1
case,07 - JUL,202127,all_ages_adj,Pfizer,"11,166","55,194,442","83,633","76,091,921.4",20.23029783,109.9104852,5.432964266,20.71251193,109.0548874,5.265169564,1
case,07 - JUL,202127,all_ages_adj,all_types,"18,707","103,800,699","83,633","76,091,921.4",18.02203663,109.9104852,6.098671722,18.48788738,109.0548874,5.898720883,1
case,07 - JUL,202128,all_ages_adj,Janssen,"4,730","7,915,059","131,227","74,908,458.4",59.759504,175.1831539,2.931469343,57.31711545,172.8768935,3.016147832,1
case,07 - JUL,202128,all_ages_adj,Moderna,"9,047","41,086,902","131,227","74,908,458.4",22.01918266,175.1831539,7.955933545,22.398397,172.8768935,7.718270798,1
case,07 - JUL,202128,all_ages_adj,Pfizer,"20,328","56,147,950","131,227","74,908,458.4",36.2043494,175.1831539,4.838732275,37.20425181,172.8768935,4.646697221,1
case,07 - JUL,202128,all_ages_adj,all_types,"34,444","105,263,386","131,227","74,908,458.4",32.72172909,175.1831539,5.353725454,33.63993835,172.8768935,5.139037167,1
case,07 - JUL,202129,all_ages_adj,Janssen,"7,882","8,047,526","210,878","73,523,044.4",97.94314427,286.8189174,2.928422602,91.35540279,283.7455799,3.105952918,1
case,07 - JUL,202129,all_ages_adj,Moderna,"16,332","41,375,707","210,878","73,523,044.4",39.47243729,286.8189174,7.266308774,41.79282769,283.7455799,6.789336725,1
case,07 - JUL,202129,all_ages_adj,Pfizer,"36,194","56,908,732","210,878","73,523,044.4",63.60008162,286.8189174,4.509725619,64.98386332,283.7455799,4.366400601,1
case,07 - JUL,202129,all_ages_adj,all_types,"61,028","106,447,055","210,878","73,523,044.4",57.33178809,286.8189174,5.002790371,58.39782885,283.7455799,4.858837828,1
case,07 - JUL,202130,all_ages_adj,Janssen,"11,495","8,184,653","307,293","71,705,766.7",140.4457831,428.5471227,3.051334923,129.3964245,424.1256506,3.277723107,1
case,07 - JUL,202130,all_ages_adj,Moderna,"25,840","41,658,073","307,293","71,705,766.7",62.02879332,428.5471227,6.908841843,62.37884336,424.1256506,6.799190684,1
case,07 - JUL,202130,all_ages_adj,Pfizer,"55,186","57,675,408","307,293","71,705,766.7",95.68376179,428.5471227,4.478786313,97.75487468,424.1256506,4.338664972,1
case,07 - JUL,202130,all_ages_adj,all_types,"93,681","107,634,659","307,293","71,705,766.7",87.03609123,428.5471227,4.923786405,88.29428495,424.1256506,4.803545902,1
case,08 - AUG,202131,all_ages_adj,Janssen,"14,388","8,304,910","371,525","69,649,777.7",173.2469106,533.4187879,3.078951227,160.3000381,530.772165,3.311116899,1
case,08 - AUG,202131,all_ages_adj,Moderna,"34,093","41,908,842","371,525","69,649,777.7",81.3503747,533.4187879,6.557053854,83.14314821,530.772165,6.383835306,1
case,08 - AUG,202131,all_ages_adj,Pfizer,"71,036","58,402,524","371,525","69,649,777.7",121.6317295,533.4187879,4.385523335,123.3558624,530.772165,4.302772116,1
case,08 - AUG,202131,all_ages_adj,all_types,"121,241","108,734,193","371,525","69,649,777.7",111.502184,533.4187879,4.783931297,112.1479814,530.772165,4.732783938,1
case,08 - AUG,202132,all_ages_adj,Janssen,"15,626","8,437,278","412,187","67,568,127.7",185.2019099,610.0317029,3.293873714,169.6017425,607.8844795,3.584187701,1
case,08 - AUG,202132,all_ages_adj,Moderna,"38,775","42,148,032","412,187","67,568,127.7",91.99717795,610.0317029,6.630982781,89.88292107,607.8844795,6.763069916,1
case,08 - AUG,202132,all_ages_adj,Pfizer,"78,880","59,050,803","412,187","67,568,127.7",133.5798939,610.0317029,4.566792838,134.7965202,607.8844795,4.509645195,1
case,08 - AUG,202132,all_ages_adj,all_types,"135,047","109,755,232","412,187","67,568,127.7",123.0437926,610.0317029,4.957842164,122.7498664,607.8844795,4.95222111,1
case,08 - AUG,202133,all_ages_adj,Janssen,"16,332","8,570,306","435,056","65,627,969.7",190.5649577,662.9124777,3.478669352,180.5154003,657.1131485,3.640205476,1
case,08 - AUG,202133,all_ages_adj,Moderna,"41,960","42,365,302","435,056","65,627,969.7",99.04331616,662.9124777,6.69315713,99.12444954,657.1131485,6.629173242,1
case,08 - AUG,202133,all_ages_adj,Pfizer,"82,189","59,753,747","435,056","65,627,969.7",137.546186,662.9124777,4.819562773,138.7606492,657.1131485,4.735587158,1
case,08 - AUG,202133,all_ages_adj,all_types,"142,412","110,809,796","435,056","65,627,969.7",128.5193233,662.9124777,5.158076315,128.3088508,657.1131485,5.121339211,1
case,08 - AUG,202134,all_ages_adj,Janssen,"16,542","8,699,523","442,728","63,778,866.7",190.1483564,694.1609704,3.650628296,184.1788857,682.8966736,3.707790233,1
case,08 - AUG,202134,all_ages_adj,Moderna,"43,971","42,602,036","442,728","63,778,866.7",103.2133769,694.1609704,6.725494224,105.8447161,682.8966736,6.451873071,1
case,08 - AUG,202134,all_ages_adj,Pfizer,"84,065","60,604,179","442,728","63,778,866.7",138.7115565,694.1609704,5.004348505,140.6085677,682.8966736,4.856721639,1
case,08 - AUG,202134,all_ages_adj,all_types,"146,802","112,027,838","442,728","63,778,866.7",131.0406437,694.1609704,5.297295183,132.0615953,682.8966736,5.17104668,1
case,09 - SEP,202135,all_ages_adj,Janssen,"15,512","8,822,416","413,207","62,019,525.7",175.8248534,666.2530797,3.789299788,179.3269722,658.8965665,3.674274753,1
case,09 - SEP,202135,all_ages_adj,Moderna,"42,342","42,909,001","413,207","62,019,525.7",98.6785966,666.2530797,6.751748633,101.7082286,658.8965665,6.478301468,1
case,09 - SEP,202135,all_ages_adj,Pfizer,"81,267","61,730,341","413,207","62,019,525.7",131.6483899,666.2530797,5.060852474,133.7730817,658.8965665,4.925479461,1
case,09 - SEP,202135,all_ages_adj,all_types,"141,131","113,586,542","413,207","62,019,525.7",124.2497549,666.2530797,5.362208404,125.4784082,658.8965665,5.251075271,1
case,09 - SEP,202136,all_ages_adj,Janssen,"14,225","8,934,604","362,140","60,679,719.7",159.2124284,596.8056573,3.748486617,151.3000591,595.1731908,3.933727418,1
case,09 - SEP,202136,all_ages_adj,Moderna,"39,236","43,327,132","362,140","60,679,719.7",90.55757487,596.8056573,6.590344962,90.09064473,595.1731908,6.606381745,1
case,09 - SEP,202136,all_ages_adj,Pfizer,"74,444","63,036,696","362,140","60,679,719.7",118.0962911,596.8056573,5.053551232,120.1919835,595.1731908,4.951854302,1
case,09 - SEP,202136,all_ages_adj,all_types,"129,792","115,426,063","362,140","60,679,719.7",112.446008,596.8056573,5.307486393,113.1012979,595.1731908,5.26230204,1
case,09 - SEP,202137,all_ages_adj,Janssen,"12,904","9,032,584","314,332","59,227,672.7",142.8605591,530.7181351,3.714938109,133.9760309,533.0887034,3.978985642,1
case,09 - SEP,202137,all_ages_adj,Moderna,"36,562","43,815,721","314,332","59,227,672.7",83.44493521,530.7181351,6.360100032,83.02249583,533.0887034,6.421015149,1
case,09 - SEP,202137,all_ages_adj,Pfizer,"69,033","64,352,499","314,332","59,227,672.7",107.2732234,530.7181351,4.947349566,108.7372716,533.0887034,4.902538896,1
case,09 - SEP,202137,all_ages_adj,all_types,"120,272","117,331,689","314,332","59,227,672.7",102.505982,530.7181351,5.177435743,102.4493681,533.0887034,5.203435737,1
case,09 - SEP,202138,all_ages_adj,Janssen,"11,132","9,102,733","261,735","58,042,637.7",122.2929421,450.9357437,3.687340707,115.0790222,454.9216632,3.953124164,1
case,09 - SEP,202138,all_ages_adj,Moderna,"31,829","44,271,217","261,735","58,042,637.7",71.89547105,450.9357437,6.272102223,70.09461601,454.9216632,6.490108501,1
case,09 - SEP,202138,all_ages_adj,Pfizer,"60,548","65,396,509","261,735","58,042,637.7",92.58598192,450.9357437,4.87045376,93.50976414,454.9216632,4.864964289,1
case,09 - SEP,202138,all_ages_adj,all_types,"104,966","118,904,067","261,735","58,042,637.7",88.27788876,450.9357437,5.108139196,87.84098312,454.9216632,5.17892272,1
case,09 - SEP,202139,all_ages_adj,Janssen,"10,443","9,185,808","227,957","56,884,374.65",113.686243,400.7374633,3.524942446,106.299499,408.3782701,3.841770414,1
case,09 - SEP,202139,all_ages_adj,Moderna,"30,892","44,769,992","227,957","56,884,374.65",69.00157588,400.7374633,5.807656684,68.71067667,408.3782701,5.943447073,1
case,09 - SEP,202139,all_ages_adj,Pfizer,"58,314","66,498,356","227,957","56,884,374.65",87.69239348,400.7374633,4.569808708,88.42610127,408.3782701,4.618300075,1
case,09 - SEP,202139,all_ages_adj,all_types,"100,978","120,590,350","227,957","56,884,374.65",83.73638521,400.7374633,4.785702921,82.97084161,408.3782701,4.921949232,1
case,10 - OCT,202140,all_ages_adj,Janssen,"9,902","9,262,239","203,057","55,881,081.65",106.907196,363.3734244,3.398961324,100.0707487,373.4160667,3.731520665,1
case,10 - OCT,202140,all_ages_adj,Moderna,"29,949","45,168,856","203,057","55,881,081.65",66.30453514,363.3734244,5.480370591,64.28351055,373.4160667,5.808893502,1
case,10 - OCT,202140,all_ages_adj,Pfizer,"55,045","67,542,702","203,057","55,881,081.65",81.49659159,363.3734244,4.458756094,82.12568715,373.4160667,4.546885142,1
case,10 - OCT,202140,all_ages_adj,all_types,"95,924","122,113,250","203,057","55,881,081.65",78.55331014,363.3734244,4.62581938,77.66425169,373.4160667,4.808081693,1
case,10 - OCT,202141,all_ages_adj,Janssen,"8,914","9,329,593","174,749","54,996,857.65",95.54543269,317.7436084,3.32557611,87.65488282,329.4917907,3.758966758,1
case,10 - OCT,202141,all_ages_adj,Moderna,"27,796","45,485,217","174,749","54,996,857.65",61.10996459,317.7436084,5.199538415,57.51544018,329.4917907,5.728753699,1
case,10 - OCT,202141,all_ages_adj,Pfizer,"48,955","68,423,494","174,749","54,996,857.65",71.54706248,317.7436084,4.441043383,72.49839966,329.4917907,4.544814675,1
case,10 - OCT,202141,all_ages_adj,all_types,"86,481","123,384,339","174,749","54,996,857.65",70.09074304,317.7436084,4.533317734,69.32257568,329.4917907,4.753022915,1
case,10 - OCT,202142,all_ages_adj,Janssen,"8,543","9,393,988","159,198","54,199,823.35",90.94114236,293.7242045,3.229827523,82.16867556,305.4796871,3.717714627,1
case,10 - OCT,202142,all_ages_adj,Moderna,"26,783","45,719,247","159,198","54,199,823.35",58.58145477,293.7242045,5.013945211,54.26104321,305.4796871,5.62981596,1
case,10 - OCT,202142,all_ages_adj,Pfizer,"46,050","69,252,302","159,198","54,199,823.35",66.49598449,293.7242045,4.417172056,67.53986312,305.4796871,4.522953896,1
case,10 - OCT,202142,all_ages_adj,all_types,"81,974","124,517,649","159,198","54,199,823.35",65.83323783,293.7242045,4.46163996,65.30913674,305.4796871,4.677441815,1
case,10 - OCT,202143,all_ages_adj,Janssen,"9,039","9,457,150","163,208","53,271,299.65",95.57847766,306.3713502,3.205442875,94.87102099,318.0736112,3.352695142,1
case,10 - OCT,202143,all_ages_adj,Moderna,"28,965","45,937,425","163,208","53,271,299.65",63.05316417,306.3713502,4.858936966,60.37202518,318.0736112,5.268559573,1
case,10 - OCT,202143,all_ages_adj,Pfizer,"47,805","69,934,742","163,208","53,271,299.65",68.35658306,306.3713502,4.481958233,70.06648328,318.0736112,4.539597198,1
case,10 - OCT,202143,all_ages_adj,all_types,"86,386","125,486,690","163,208","53,271,299.65",68.8407671,306.3713502,4.450434867,68.7723518,318.0736112,4.62502158,1
case,11 - NOV,202144,all_ages_adj,Janssen,"10,433","9,528,619","170,945","52,394,062.25",109.4912075,326.2678874,2.979854683,103.9695341,337.1566391,3.242840722,1
case,11 - NOV,202144,all_ages_adj,Moderna,"31,824","46,140,134","170,945","52,394,062.25",68.9724915,326.2678874,4.730405996,68.13154098,337.1566391,4.948613143,1
case,11 - NOV,202144,all_ages_adj,Pfizer,"54,246","70,523,352","170,945","52,394,062.25",76.91920259,326.2678874,4.241696174,79.99107472,337.1566391,4.214928232,1
case,11 - NOV,202144,all_ages_adj,all_types,"97,067","126,355,535","170,945","52,394,062.25",76.82053659,326.2678874,4.247144082,78.34089861,337.1566391,4.303711664,1
case,11 - NOV,202145,all_ages_adj,Janssen,"11,536","9,632,922","187,415","51,541,126.8",119.7559785,363.6222404,3.036359812,114.4121877,377.6721347,3.300978175,1
case,11 - NOV,202145,all_ages_adj,Moderna,"34,819","46,387,712","187,415","51,541,126.8",75.06082645,363.6222404,4.844367663,74.51283995,377.6721347,5.068551071,1
case,11 - NOV,202145,all_ages_adj,Pfizer,"59,468","71,035,766","187,415","51,541,126.8",83.71557505,363.6222404,4.343543483,87.07457734,377.6721347,4.337341004,1
case,11 - NOV,202145,all_ages_adj,all_types,"106,347","127,232,301","187,415","51,541,126.8",83.58490664,363.6222404,4.350333751,85.36868555,377.6721347,4.424012532,1
case,11 - NOV,202146,all_ages_adj,Janssen,"12,467","9,747,993","201,468","50,629,246.55",127.8929929,397.9281023,3.111414419,115.6072701,418.2837514,3.618144006,1
case,11 - NOV,202146,all_ages_adj,Moderna,"37,037","46,632,536","201,468","50,629,246.55",79.42308778,397.9281023,5.01023208,80.06883464,418.2837514,5.224051945,1
case,11 - NOV,202146,all_ages_adj,Pfizer,"65,652","71,490,211","201,468","50,629,246.55",91.83355187,397.9281023,4.333145067,95.39554861,418.2837514,4.384730288,1
case,11 - NOV,202146,all_ages_adj,all_types,"115,781","128,060,607","201,468","50,629,246.55",90.4110973,397.9281023,4.401319242,92.34663458,418.2837514,4.529496427,1
case,11 - NOV,202147,all_ages_adj,Janssen,"11,164","9,857,183","174,776","49,786,966.55",113.2575098,351.047698,3.099553387,105.9226803,375.3168955,3.543310028,1
case,11 - NOV,202147,all_ages_adj,Moderna,"33,023","46,845,186","174,776","49,786,966.55",70.49390305,351.047698,4.979830636,68.96524546,375.3168955,5.442116431,1
case,11 - NOV,202147,all_ages_adj,Pfizer,"60,013","71,885,667","174,776","49,786,966.55",83.48395794,351.047698,4.20497191,86.79052356,375.3168955,4.324399486,1
case,11 - NOV,202147,all_ages_adj,all_types,"104,770","128,790,810","174,776","49,786,966.55",81.34897203,351.047698,4.315330474,82.89861928,375.3168955,4.527420345,1
case,12 - DEC,202148,all_ages_adj,Janssen,"16,360","9,959,821","260,769","48,917,057.55",164.2599802,533.0839855,3.245367405,152.9439752,559.0325355,3.655145845,1
case,12 - DEC,202148,all_ages_adj,Moderna,"47,225","47,046,710","260,769","48,917,057.55",100.3789638,533.0839855,5.310714171,101.1218165,559.0325355,5.528307884,1
case,12 - DEC,202148,all_ages_adj,Pfizer,"90,703","72,266,612","260,769","48,917,057.55",125.5116263,533.0839855,4.247287691,130.8805382,559.0325355,4.271319045,1
case,12 - DEC,202148,all_ages_adj,all_types,"155,176","129,490,292","260,769","48,917,057.55",119.8360106,533.0839855,4.448445697,123.852306,559.0325355,4.513703083,1
case,12 - DEC,202149,all_ages_adj,Janssen,"14,796","10,046,262","240,233","47,999,207.55",147.2786595,500.4936795,3.398276989,134.9026191,528.5697208,3.918157588,1
case,12 - DEC,202149,all_ages_adj,Moderna,"43,292","47,217,864","240,233","47,999,207.55",91.6856383,500.4936795,5.458801278,94.82136129,528.5697208,5.574373892,1
case,12 - DEC,202149,all_ages_adj,Pfizer,"82,806","72,607,305","240,233","47,999,207.55",114.0463759,500.4936795,4.388510161,119.0567168,528.5697208,4.439646371,1
case,12 - DEC,202149,all_ages_adj,all_types,"141,728","130,098,670","240,233","47,999,207.55",108.9388539,500.4936795,4.594262393,113.359997,528.5697208,4.662753481,1
case,12 - DEC,202150,all_ages_adj,Janssen,"21,983","10,140,317","295,239","47,146,644.55",216.7880945,626.2142361,2.888600675,206.9612376,639.8792063,3.091782855,1
case,12 - DEC,202150,all_ages_adj,Moderna,"72,090","47,380,102","295,239","47,146,644.55",152.1524795,626.2142361,4.115701814,174.4157491,639.8792063,3.668700847,1
case,12 - DEC,202150,all_ages_adj,Pfizer,"150,736","72,951,038","295,239","47,146,644.55",206.626258,626.2142361,3.030661457,223.0610839,639.8792063,2.86862771,1
case,12 - DEC,202150,all_ages_adj,all_types,"245,680","130,711,354","295,239","47,146,644.55",187.9561281,626.2142361,3.331704278,207.1574417,639.8792063,3.08885455,1
case,12 - DEC,202151,all_ages_adj,Janssen,"39,246","10,241,104","466,257","46,357,149.55",383.2204028,"1,005.793075",2.624581227,358.6396163,"1,006.387219",2.806123955,1
case,12 - DEC,202151,all_ages_adj,Moderna,"154,717","47,567,015","466,257","46,357,149.55",325.2611079,"1,005.793075",3.092263571,382.1482687,"1,006.387219",2.633499354,1
case,12 - DEC,202151,all_ages_adj,Pfizer,"327,357","73,342,419","466,257","46,357,149.55",446.3406095,"1,005.793075",2.25342049,482.4198629,"1,006.387219",2.086123097,1
case,12 - DEC,202151,all_ages_adj,all_types,"522,948","131,402,457","466,257","46,357,149.55",397.9742936,"1,005.793075",2.527281514,443.6895645,"1,006.387219",2.268223774,1
death,04 - APR,202114,all_ages_adj,Janssen,17,"1,817,819","2,048","108,088,424.8",0.935186616,1.894744978,2.026060836,0.649209911,2.842742135,4.378771927,0
death,04 - APR,202114,all_ages_adj,Moderna,30,"13,834,408","2,048","108,088,424.8",0.216850623,1.894744978,8.737558362,0.097565296,2.842742135,29.13681672,0
death,04 - APR,202114,all_ages_adj,Pfizer,82,"15,857,077","2,048","108,088,424.8",0.517119265,1.894744978,3.66403866,0.174935163,2.842742135,16.25026146,0
death,04 - APR,202114,all_ages_adj,all_types,129,"31,570,307","2,048","108,088,424.8",0.408611801,1.894744978,4.637029508,0.14802466,2.842742135,19.20451719,0
death,04 - APR,202115,all_ages_adj,Janssen,20,"2,409,301","1,998","100,767,940.8",0.830116287,1.982773475,2.388549057,0.637201803,2.993971489,4.698623692,0
death,04 - APR,202115,all_ages_adj,Moderna,46,"16,204,039","1,998","100,767,940.8",0.28387984,1.982773475,6.984551893,0.122413366,2.993971489,24.45788057,0
death,04 - APR,202115,all_ages_adj,Pfizer,84,"18,760,088","1,998","100,767,940.8",0.447759094,1.982773475,4.428214865,0.15785943,2.993971489,18.96606047,0
death,04 - APR,202115,all_ages_adj,all_types,150,"37,439,013","1,998","100,767,940.8",0.400651588,1.982773475,4.948872126,0.159363074,2.993971489,18.78710929,0
death,04 - APR,202116,all_ages_adj,Janssen,27,"3,852,723","1,821","95,073,922.75",0.700803042,1.915351705,2.73308132,0.5863415,2.943645475,5.020360102,0
death,04 - APR,202116,all_ages_adj,Moderna,39,"18,595,946","1,821","95,073,922.75",0.20972313,1.915351705,9.1327633,0.080579959,2.943645475,36.53073913,0
death,04 - APR,202116,all_ages_adj,Pfizer,76,"21,837,190","1,821","95,073,922.75",0.348030127,1.915351705,5.503407775,0.133699049,2.943645475,22.01695147,0
death,04 - APR,202116,all_ages_adj,all_types,142,"44,358,760","1,821","95,073,922.75",0.320117154,1.915351705,5.983283562,0.132634061,2.943645475,22.19373713,0
death,04 - APR,202117,all_ages_adj,Janssen,31,"4,853,624","1,541","90,429,802.55",0.638698012,1.704084225,2.668059385,0.565201191,2.588312523,4.579453409,0
death,04 - APR,202117,all_ages_adj,Moderna,47,"21,189,499","1,541","90,429,802.55",0.221807981,1.704084225,7.682700209,0.075394477,2.588312523,34.3302669,0
death,04 - APR,202117,all_ages_adj,Pfizer,78,"25,084,614","1,541","90,429,802.55",0.310947579,1.704084225,5.480294232,0.142860636,2.588312523,18.11774465,0
death,04 - APR,202117,all_ages_adj,all_types,156,"51,205,133","1,541","90,429,802.55",0.304656957,1.704084225,5.593452525,0.135112389,2.588312523,19.15673721,0
death,05 - MAY,202118,all_ages_adj,Janssen,22,"4,858,817","1,396","86,998,448.55",0.452785112,1.604626316,3.543902556,0.324650547,2.467597783,7.60078122,0
death,05 - MAY,202118,all_ages_adj,Moderna,55,"23,964,759","1,396","86,998,448.55",0.229503664,1.604626316,6.991724173,0.090807634,2.467597783,27.17390231,0
death,05 - MAY,202118,all_ages_adj,Pfizer,68,"28,772,098","1,396","86,998,448.55",0.236340082,1.604626316,6.789480238,0.119375295,2.467597783,20.67092508,0
death,05 - MAY,202118,all_ages_adj,all_types,146,"57,677,632","1,396","86,998,448.55",0.253131058,1.604626316,6.33911275,0.121080928,2.467597783,20.3797396,0
death,05 - MAY,202119,all_ages_adj,Janssen,13,"4,990,843","1,103","84,107,501.3",0.260477038,1.311416916,5.034673798,0.242155376,2.003318512,8.272864093,1
death,05 - MAY,202119,all_ages_adj,Moderna,40,"26,495,912","1,103","84,107,501.3",0.150966685,1.311416916,8.686796803,0.067084073,2.003318512,29.86280364,1
death,05 - MAY,202119,all_ages_adj,Pfizer,67,"32,618,222","1,103","84,107,501.3",0.205406659,1.311416916,6.384490763,0.10060444,2.003318512,19.91282413,1
death,05 - MAY,202119,all_ages_adj,all_types,120,"64,191,115","1,103","84,107,501.3",0.18694176,1.311416916,7.015109508,0.089706092,2.003318512,22.33202313,1
death,05 - MAY,202120,all_ages_adj,Janssen,23,"5,313,038",885,"80,391,860.3",0.432897337,1.10085772,2.54299952,0.371675396,1.673362986,4.502216198,1
death,05 - MAY,202120,all_ages_adj,Moderna,44,"28,643,244",885,"80,391,860.3",0.153613885,1.10085772,7.166394607,0.073145225,1.673362986,22.8772691,1
death,05 - MAY,202120,all_ages_adj,Pfizer,50,"36,656,240",885,"80,391,860.3",0.136402424,1.10085772,8.070660955,0.07602042,1.673362986,22.01201972,1
death,05 - MAY,202120,all_ages_adj,all_types,117,"70,703,148",885,"80,391,860.3",0.165480609,1.10085772,6.652487716,0.087131345,1.673362986,19.2050631,1
death,05 - MAY,202121,all_ages_adj,Janssen,18,"5,626,809",736,"77,667,381.3",0.319897121,0.947630766,2.962298511,0.295238718,1.43467003,4.859355988,1
death,05 - MAY,202121,all_ages_adj,Moderna,37,"30,683,147",736,"77,667,381.3",0.12058737,0.947630766,7.85845786,0.0600537,1.43467003,23.88978268,1
death,05 - MAY,202121,all_ages_adj,Pfizer,44,"39,750,168",736,"77,667,381.3",0.110691356,0.947630766,8.561018667,0.064363708,1.43467003,22.29004626,1
death,05 - MAY,202121,all_ages_adj,all_types,99,"76,154,383",736,"77,667,381.3",0.129999084,0.947630766,7.289518814,0.070741957,1.43467003,20.280327,1
death,06 - JUN,202122,all_ages_adj,Janssen,13,"5,945,767",623,"75,798,595.3",0.218642944,0.821914968,3.759165301,0.20352094,1.227541079,6.031522254,1
death,06 - JUN,202122,all_ages_adj,Moderna,36,"32,500,694",623,"75,798,595.3",0.110766865,0.821914968,7.420224127,0.054046,1.227541079,22.71289845,1
death,06 - JUN,202122,all_ages_adj,Pfizer,50,"42,095,694",623,"75,798,595.3",0.118776994,0.821914968,6.919816194,0.075100642,1.227541079,16.34528071,1
death,06 - JUN,202122,all_ages_adj,all_types,99,"80,640,250",623,"75,798,595.3",0.122767477,0.821914968,6.694891764,0.070511,1.227541079,17.40921384,1
death,06 - JUN,202123,all_ages_adj,Janssen,10,"6,240,869",596,"74,107,639.3",0.160234096,0.804235576,5.019128877,0.16405326,1.175770354,7.167003903,1
death,06 - JUN,202123,all_ages_adj,Moderna,30,"33,942,772",596,"74,107,639.3",0.08838406,0.804235576,9.099328267,0.043972,1.175770354,26.73909814,1
death,06 - JUN,202123,all_ages_adj,Pfizer,54,"43,588,487",596,"74,107,639.3",0.123885924,0.804235576,6.491742956,0.07673669,1.175770354,15.32214067,1
death,06 - JUN,202123,all_ages_adj,all_types,94,"83,873,223",596,"74,107,639.3",0.112073909,0.804235576,7.175939344,0.06595192,1.175770354,17.82768962,1
death,06 - JUN,202124,all_ages_adj,Janssen,16,"6,458,911",582,"72,689,992.3",0.247719778,0.800660423,3.232121509,0.256136897,1.16947474,4.565819118,1
death,06 - JUN,202124,all_ages_adj,Moderna,29,"34,884,024",582,"72,689,992.3",0.083132611,0.800660423,9.631123248,0.049787,1.16947474,23.48957676,1
death,06 - JUN,202124,all_ages_adj,Pfizer,60,"44,872,413",582,"72,689,992.3",0.133712444,0.800660423,5.987927531,0.090024737,1.16947474,12.99059319,1
death,06 - JUN,202124,all_ages_adj,all_types,105,"86,319,651",582,"72,689,992.3",0.1216409,0.800660423,6.5821646,0.075719921,1.16947474,15.4447433,1
death,06 - JUN,202125,all_ages_adj,Janssen,30,"6,679,559",668,"71,325,299.3",0.449131447,0.936554079,2.085256076,0.422159427,1.362497124,3.227446873,1
death,06 - JUN,202125,all_ages_adj,Moderna,43,"35,607,307",668,"71,325,299.3",0.12076173,0.936554079,7.75538805,0.062308,1.362497124,21.86714588,1
death,06 - JUN,202125,all_ages_adj,Pfizer,67,"46,917,130",668,"71,325,299.3",0.142804984,0.936554079,6.558273057,0.095597857,1.362497124,14.25238139,1
death,06 - JUN,202125,all_ages_adj,all_types,140,"89,311,244",668,"71,325,299.3",0.156755179,0.936554079,5.974629277,0.09677206,1.362497124,14.0794473,1
death,06 - JUN,202126,all_ages_adj,Janssen,28,"6,887,347",851,"70,062,025.4",0.406542606,1.214638023,2.987726265,0.346928735,1.738044504,5.009802674,1
death,06 - JUN,202126,all_ages_adj,Moderna,36,"36,261,159",851,"70,062,025.4",0.099279783,1.214638023,12.23449513,0.0565961,1.738044504,30.70963924,1
death,06 - JUN,202126,all_ages_adj,Pfizer,79,"48,540,669",851,"70,062,025.4",0.162750126,1.214638023,7.463207875,0.114822162,1.738044504,15.1368384,1
death,06 - JUN,202126,all_ages_adj,all_types,143,"91,798,916",851,"70,062,025.4",0.15577526,1.214638023,7.797374393,0.101019844,1.738044504,17.20498112,1
death,07 - JUL,202127,all_ages_adj,Janssen,37,"7,056,570","1,336","69,056,097.4",0.52433406,1.934658995,3.689745034,0.515673208,2.738782493,5.311081616,1
death,07 - JUL,202127,all_ages_adj,Moderna,77,"36,729,068","1,336","69,056,097.4",0.209643218,1.934658995,9.228340492,0.115142298,2.738782493,23.78606772,1
death,07 - JUL,202127,all_ages_adj,Pfizer,132,"49,575,140","1,336","69,056,097.4",0.266262486,1.934658995,7.265984131,0.191423638,2.738782493,14.30744143,1
death,07 - JUL,202127,all_ages_adj,all_types,246,"93,472,573","1,336","69,056,097.4",0.263178804,1.934658995,7.351120087,0.170868479,2.738782493,16.02859991,1
death,07 - JUL,202128,all_ages_adj,Janssen,77,"7,193,188","1,960","67,964,199.4",1.070457216,2.88387124,2.694055584,1.09110387,4.075500579,3.735208618,1
death,07 - JUL,202128,all_ages_adj,Moderna,117,"37,053,208","1,960","67,964,199.4",0.315762133,2.88387124,9.13304965,0.176875623,4.075500579,23.04161825,1
death,07 - JUL,202128,all_ages_adj,Pfizer,245,"50,441,705","1,960","67,964,199.4",0.485709196,2.88387124,5.937444177,0.340481706,4.075500579,11.96980779,1
death,07 - JUL,202128,all_ages_adj,all_types,439,"94,801,576","1,960","67,964,199.4",0.46307247,2.88387124,6.227688805,0.295105522,4.075500579,13.81031621,1
death,07 - JUL,202129,all_ages_adj,Janssen,112,"7,316,397","3,414","66,689,552.4",1.530808129,5.119242636,3.344143881,1.524794143,7.225968495,4.738979703,1
death,07 - JUL,202129,all_ages_adj,Moderna,189,"37,316,237","3,414","66,689,552.4",0.506481937,5.119242636,10.10745352,0.265096939,7.225968495,27.25783448,1
death,07 - JUL,202129,all_ages_adj,Pfizer,402,"51,135,843","3,414","66,689,552.4",0.786141337,5.119242636,6.51186039,0.562634838,7.225968495,12.84308757,1
death,07 - JUL,202129,all_ages_adj,all_types,703,"95,883,567","3,414","66,689,552.4",0.733180901,5.119242636,6.98223676,0.473397441,7.225968495,15.26406327,1
death,07 - JUL,202130,all_ages_adj,Janssen,152,"7,444,215","5,082","65,017,337.7",2.041853977,7.816376646,3.828078176,2.009844,11.02238333,5.484198439,1
death,07 - JUL,202130,all_ages_adj,Moderna,304,"37,572,989","5,082","65,017,337.7",0.809091872,7.816376646,9.660678742,0.444170518,11.02238333,24.81565722,1
death,07 - JUL,202130,all_ages_adj,Pfizer,655,"51,836,454","5,082","65,017,337.7",1.263589519,7.816376646,6.185851122,0.914150593,11.02238333,12.05751374,1
death,07 - JUL,202130,all_ages_adj,all_types,"1,111","96,970,183","5,082","65,017,337.7",1.145713007,7.816376646,6.822281492,0.755289571,11.02238333,14.59358603,1
death,08 - AUG,202131,all_ages_adj,Janssen,164,"7,556,405","6,557","63,138,449.7",2.170344231,10.38511403,4.785007781,2.037108878,14.59533223,7.164728593,1
death,08 - AUG,202131,all_ages_adj,Moderna,413,"37,800,734","6,557","63,138,449.7",1.092571377,10.38511403,9.505204192,0.577026191,14.59533223,25.29405504,1
death,08 - AUG,202131,all_ages_adj,Pfizer,822,"52,501,005","6,557","63,138,449.7",1.565684314,10.38511403,6.632955277,1.15384503,14.59533223,12.64930025,1
death,08 - AUG,202131,all_ages_adj,all_types,"1,400","97,976,061","6,557","63,138,449.7",1.428920479,10.38511403,7.267804043,0.934321269,14.59533223,15.62132076,1
death,08 - AUG,202132,all_ages_adj,Janssen,225,"7,679,699","7,427","61,232,865.7",2.929802327,12.12910733,4.139906374,2.833660973,17.04765669,6.016124319,1
death,08 - AUG,202132,all_ages_adj,Moderna,500,"38,017,847","7,427","61,232,865.7",1.315171793,12.12910733,9.222450932,0.713652839,17.04765669,23.88788465,1
death,08 - AUG,202132,all_ages_adj,Pfizer,964,"53,095,087","7,427","61,232,865.7",1.815610548,12.12910733,6.680456522,1.340482986,17.04765669,12.71754799,1
death,08 - AUG,202132,all_ages_adj,all_types,"1,690","98,911,752","7,427","61,232,865.7",1.708593737,12.12910733,7.098883171,1.124302436,17.04765669,15.16287447,1
death,08 - AUG,202133,all_ages_adj,Janssen,191,"7,801,873","7,667","59,476,294.7",2.448130084,12.89085011,5.265590336,2.506952935,18.16471288,7.245733504,1
death,08 - AUG,202133,all_ages_adj,Moderna,555,"38,215,599","7,667","59,476,294.7",1.452286539,12.89085011,8.876244298,0.787216361,18.16471288,23.07461299,1
death,08 - AUG,202133,all_ages_adj,Pfizer,957,"53,740,895","7,667","59,476,294.7",1.78076677,12.89085011,7.238932311,1.316071345,18.16471288,13.80222504,1
death,08 - AUG,202133,all_ages_adj,all_types,"1,703","99,878,808","7,667","59,476,294.7",1.705066404,12.89085011,7.56032145,1.119929796,18.16471288,16.21951032,1
death,08 - AUG,202134,all_ages_adj,Janssen,165,"7,919,599","7,090","57,806,856.7",2.083438821,12.26498102,5.886892811,2.018179565,17.35325648,8.598470017,1
death,08 - AUG,202134,all_ages_adj,Moderna,535,"38,432,188","7,090","57,806,856.7",1.392062299,12.26498102,8.810655256,0.743050728,17.35325648,23.354067,1
death,08 - AUG,202134,all_ages_adj,Pfizer,911,"54,524,863","7,090","57,806,856.7",1.670797412,12.26498102,7.340794836,1.248431885,17.35325648,13.90004267,1
death,08 - AUG,202134,all_ages_adj,all_types,"1,612","100,998,750","7,090","57,806,856.7",1.596059357,12.26498102,7.6845394,1.055002165,17.35325648,16.44855059,1
death,09 - SEP,202135,all_ages_adj,Janssen,176,"8,031,173","6,643","56,230,771.7",2.191460699,11.81381617,5.390840992,2.180670384,16.64901073,7.634813062,1
death,09 - SEP,202135,all_ages_adj,Moderna,490,"38,714,662","6,643","56,230,771.7",1.265670355,11.81381617,9.334038775,0.689137174,16.64901073,24.15921149,1
death,09 - SEP,202135,all_ages_adj,Pfizer,837,"55,564,580","6,643","56,230,771.7",1.506355308,11.81381617,7.842649148,1.144579363,16.64901073,14.54596446,1
death,09 - SEP,202135,all_ages_adj,all_types,"1,504","102,435,199","6,643","56,230,771.7",1.468245305,11.81381617,8.046214165,0.987623263,16.64901073,16.85765347,1
death,09 - SEP,202136,all_ages_adj,Janssen,145,"8,133,437","5,636","55,032,501.7",1.782764162,10.24122078,5.74457407,1.746331189,14.43491032,8.265849233,1
death,09 - SEP,202136,all_ages_adj,Moderna,491,"39,100,520","5,636","55,032,501.7",1.255737775,10.24122078,8.155540895,0.69123115,14.43491032,20.88289905,1
death,09 - SEP,202136,all_ages_adj,Pfizer,798,"56,768,055","5,636","55,032,501.7",1.405720171,10.24122078,7.285390783,1.093033461,14.43491032,13.20628401,1
death,09 - SEP,202136,all_ages_adj,all_types,"1,435","104,129,643","5,636","55,032,501.7",1.378089811,10.24122078,7.431461071,0.939754274,14.43491032,15.36030292,1
death,09 - SEP,202137,all_ages_adj,Janssen,135,"8,221,626","4,708","53,719,944.7",1.64201096,8.763970302,5.337339711,1.707230374,12.39061186,7.25772693,1
death,09 - SEP,202137,all_ages_adj,Moderna,431,"39,549,397","4,708","53,719,944.7",1.089776413,8.763970302,8.041989345,0.611496716,12.39061186,20.2627611,1
death,09 - SEP,202137,all_ages_adj,Pfizer,678,"57,979,598","4,708","53,719,944.7",1.169376856,8.763970302,7.494564528,0.910116602,12.39061186,13.61431253,1
death,09 - SEP,202137,all_ages_adj,all_types,"1,244","105,881,506","4,708","53,719,944.7",1.174898287,8.763970302,7.459343844,0.809496229,12.39061186,15.30657144,1
death,09 - SEP,202138,all_ages_adj,Janssen,110,"8,284,415","3,832","52,663,955.7",1.327794419,7.276323909,5.480007903,1.441227141,10.2544866,7.115107888,1
death,09 - SEP,202138,all_ages_adj,Moderna,402,"39,967,469","3,832","52,663,955.7",1.005818007,7.276323909,7.234235081,0.565791909,10.2544866,18.12413084,1
death,09 - SEP,202138,all_ages_adj,Pfizer,582,"58,930,039","3,832","52,663,955.7",0.987611768,7.276323909,7.367595391,0.781265318,10.2544866,13.12548549,1
death,09 - SEP,202138,all_ages_adj,all_types,"1,094","107,315,531","3,832","52,663,955.7",1.01942374,7.276323909,7.137683401,0.710131159,10.2544866,14.4402713,1
death,09 - SEP,202139,all_ages_adj,Janssen,76,"8,358,797","3,147","51,672,163.65",0.909221746,6.090319773,6.698387717,0.857172115,8.676893667,10.12269708,1
death,09 - SEP,202139,all_ages_adj,Moderna,350,"40,425,129","3,147","51,672,163.65",0.865798103,6.090319773,7.034341785,0.480311379,8.676893667,18.06514282,1
death,09 - SEP,202139,all_ages_adj,Pfizer,490,"59,932,753","3,147","51,672,163.65",0.817583,6.090319773,7.449176136,0.659005949,8.676893667,13.16663936,1
death,09 - SEP,202139,all_ages_adj,all_types,916,"108,852,873","3,147","51,672,163.65",0.841502824,6.090319773,7.237432367,0.591209942,8.676893667,14.6765016,1
death,10 - OCT,202140,all_ages_adj,Janssen,72,"8,425,881","2,717","50,808,843.65",0.854510051,5.347494264,6.257965322,0.910306246,7.709436743,8.469058382,1
death,10 - OCT,202140,all_ages_adj,Moderna,317,"40,788,035","2,717","50,808,843.65",0.777188703,5.347494264,6.880560985,0.433320662,7.709436743,17.79152811,1
death,10 - OCT,202140,all_ages_adj,Pfizer,454,"60,875,021","2,717","50,808,843.65",0.745790297,5.347494264,7.17023845,0.597294898,7.709436743,12.90725363,1
death,10 - OCT,202140,all_ages_adj,all_types,844,"110,228,390","2,717","50,808,843.65",0.765682961,5.347494264,6.983953594,0.533698312,7.709436743,14.44530846,1
death,10 - OCT,202141,all_ages_adj,Janssen,90,"8,485,580","2,455","50,048,369.65",1.060622845,4.905254691,4.624881233,1.080901651,7.116481256,6.583837899,1
death,10 - OCT,202141,all_ages_adj,Moderna,300,"41,073,645","2,455","50,048,369.65",0.730395367,4.905254691,6.71588966,0.415911844,7.116481256,17.11055204,1
death,10 - OCT,202141,all_ages_adj,Pfizer,398,"61,668,636","2,455","50,048,369.65",0.645384795,4.905254691,7.600511709,0.529115988,7.116481256,13.4497566,1
death,10 - OCT,202141,all_ages_adj,all_types,788,"111,373,896","2,455","50,048,369.65",0.707526654,4.905254691,6.932960987,0.50222873,7.116481256,14.1698012,1
death,10 - OCT,202142,all_ages_adj,Janssen,64,"8,544,078","2,172","49,340,536.65",0.749056832,4.402059944,5.876803675,0.770529109,6.431453612,8.346801615,1
death,10 - OCT,202142,all_ages_adj,Moderna,290,"41,282,121","2,172","49,340,536.65",0.702483286,4.402059944,6.266426595,0.401781024,6.431453612,16.00736029,1
death,10 - OCT,202142,all_ages_adj,Pfizer,388,"62,416,784","2,172","49,340,536.65",0.62162767,4.402059944,7.081505791,0.504393196,6.431453612,12.75087306,1
death,10 - OCT,202142,all_ages_adj,all_types,742,"112,395,095","2,172","49,340,536.65",0.660171158,4.402059944,6.668058566,0.467174931,6.431453612,13.76669247,1
death,10 - OCT,202143,all_ages_adj,Janssen,69,"8,601,785","2,054","48,532,436.95",0.802159087,4.232221024,5.276037003,0.8822036,6.301405512,7.142801854,1
death,10 - OCT,202143,all_ages_adj,Moderna,323,"41,476,010","2,054","48,532,436.95",0.778763435,4.232221024,5.434539985,0.436694758,6.301405512,14.42977137,1
death,10 - OCT,202143,all_ages_adj,Pfizer,335,"63,026,340","2,054","48,532,436.95",0.531523804,4.232221024,7.962429887,0.433208811,6.301405512,14.54588493,1
death,10 - OCT,202143,all_ages_adj,all_types,727,"113,261,508","2,054","48,532,436.95",0.64187738,4.232221024,6.593503925,0.455656623,6.301405512,13.82928546,1
death,11 - NOV,202144,all_ages_adj,Janssen,72,"8,667,745","2,187","47,770,061.55",0.830665877,4.578181248,5.511459392,0.862256557,6.882448207,7.981903008,1
death,11 - NOV,202144,all_ages_adj,Moderna,336,"41,655,293","2,187","47,770,061.55",0.806620181,4.578181248,5.675758372,0.453602352,6.882448207,15.17286711,1
death,11 - NOV,202144,all_ages_adj,Pfizer,327,"63,550,823","2,187","47,770,061.55",0.514548805,4.578181248,8.897467466,0.42354535,6.882448207,16.24961344,1
death,11 - NOV,202144,all_ages_adj,all_types,736,"114,037,291","2,187","47,770,061.55",0.645402915,4.578181248,7.093524283,0.461489254,6.882448207,14.91356116,1
death,11 - NOV,202145,all_ages_adj,Janssen,71,"8,763,852","2,310","47,027,876.1",0.810146041,4.91198028,6.063080028,0.875609836,7.471984836,8.533463794,1
death,11 - NOV,202145,all_ages_adj,Moderna,372,"41,875,499","2,310","47,027,876.1",0.888347623,4.91198028,5.529344766,0.502161696,7.471984836,14.87963916,1
death,11 - NOV,202145,all_ages_adj,Pfizer,329,"64,008,225","2,310","47,027,876.1",0.513996443,4.91198028,9.556447992,0.421922598,7.471984836,17.70937339,1
death,11 - NOV,202145,all_ages_adj,all_types,774,"114,823,477","2,310","47,027,876.1",0.674078177,4.91198028,7.286959363,0.484333139,7.471984836,15.42736647,1
death,11 - NOV,202146,all_ages_adj,Janssen,102,"8,868,249","2,518","46,224,095.45",1.150170682,5.44737539,4.736145231,1.290836393,8.39450078,6.503148521,1
death,11 - NOV,202146,all_ages_adj,Moderna,364,"42,091,969","2,518","46,224,095.45",0.86477304,5.44737539,6.299196595,0.486546779,8.39450078,17.25322443,1
death,11 - NOV,202146,all_ages_adj,Pfizer,353,"64,413,282","2,518","46,224,095.45",0.54802362,5.44737539,9.940037597,0.454758034,8.39450078,18.45926877,1
death,11 - NOV,202146,all_ages_adj,all_types,819,"115,563,367","2,518","46,224,095.45",0.708702092,5.44737539,7.686410762,0.509388337,8.39450078,16.47957003,1
death,11 - NOV,202147,all_ages_adj,Janssen,79,"8,966,466","2,286","45,500,800.45",0.88106061,5.024087439,5.70231762,0.970006307,7.770561558,8.010836119,1
death,11 - NOV,202147,all_ages_adj,Moderna,376,"42,278,767","2,286","45,500,800.45",0.889335302,5.024087439,5.649261229,0.502851659,7.770561558,15.45298981,1
death,11 - NOV,202147,all_ages_adj,Pfizer,381,"64,764,825","2,286","45,500,800.45",0.588282297,5.024087439,8.540266241,0.478999065,7.770561558,16.22249839,1
death,11 - NOV,202147,all_ages_adj,all_types,836,"116,212,832","2,286","45,500,800.45",0.719369785,5.024087439,6.984012314,0.510981089,7.770561558,15.20714117,1
death,12 - DEC,202148,all_ages_adj,Janssen,95,"9,058,274","2,597","44,732,580.45",1.048764919,5.805611869,5.535665584,1.224321589,9.197037038,7.511945492,1
death,12 - DEC,202148,all_ages_adj,Moderna,304,"42,456,795","2,597","44,732,580.45",0.716022017,5.805611869,8.108147137,0.400588856,9.197037038,22.95879406,1
death,12 - DEC,202148,all_ages_adj,Pfizer,360,"65,103,482","2,597","44,732,580.45",0.552965815,5.805611869,10.499043,0.455216274,9.197037038,20.20366484,1
death,12 - DEC,202148,all_ages_adj,all_types,760,"116,835,700","2,597","44,732,580.45",0.65048611,5.805611869,8.925035877,0.465690889,9.197037038,19.74923119,1
